PID 1635,,PID 1636,,PID 1637,,PID 1638,,PID 1639,,PID 1641,,PID 1644, ,
0, 0, 0, 0, 0, 0, 0, 0, 0, 0, 0, 0, 0, 0
0.5, 0, 0.5, 0, 0.5, 0, 0.5, 0, 0.5, 0, 0.5, 0, 0.5, 0
1, -5.73E-05, 1, 0, 1, -5.73E-05, 1, 0, 1, 0, 1, 5.73E-05, 1, -0.000229183
1.5, -0.000114592, 1.5, -0.000572958, 1.5, -5.73E-05, 1.5, 0, 1.5, 0, 1.5, 0.000229183, 1.5, -0.000687549
2, -0.000229183, 2, -0.001145916, 2, -0.000114592, 2, 0, 2, 0, 2, 0.000515662, 2, -0.001375099
2.5, -0.000343775, 2.5, -0.001718873, 2.5, -0.000171887, 2.5, 0, 2.5, 0, 2.5, 0.000802141, 2.5, -0.002349127
3, -0.000515662, 3, -0.002291831, 3, -0.000229183, 3, -0.000572958, 3, 0, 3, 0.001260507, 3, -0.003609634
3.5, -0.000744845, 3.5, -0.002864789, 3.5, -0.000343775, 3.5, -0.000572958, 3.5, -0.000572958, 3.5, 0.001776169, 3.5, -0.005099324
4, -0.000974028, 4, -0.004010705, 4, -0.000458366, 4, -0.000572958, 4, -0.000572958, 4, 0.002349127, 4, -0.006932789
4.5, -0.001260507, 4.5, -0.00515662, 4.5, -0.000572958, 4.5, -0.001145916, 4.5, -0.000572958, 4.5, 0.003036676, 4.5, -0.008995437
5, -0.001604282, 5, -0.006302536, 5, -0.000687549, 5, -0.001145916, 5, -0.000572958, 5, 0.003781521, 5, -0.011459156
5.5, -0.001948057, 5.5, -0.008021409, 5.5, -0.000859437, 5.5, -0.001718873, 5.5, -0.001145916, 5.5, 0.004640958, 5.5, -0.014209353
6, -0.002349127, 6, -0.009740283, 6, -0.001031324, 6, -0.001718873, 6, -0.001145916, 6, 0.005614986, 6, -0.01724603
6.5, -0.002807493, 6.5, -0.011459156, 6.5, -0.001203211, 6.5, -0.002291831, 6.5, -0.001145916, 6.5, 0.006589015, 6.5, -0.020683776
7, -0.003265859, 7, -0.013178029, 7, -0.001432394, 7, -0.002864789, 7, -0.001718873, 7, 0.00773493, 7, -0.024465298
7.5, -0.003781521, 7.5, -0.014896903, 7.5, -0.001604282, 7.5, -0.002864789, 7.5, -0.001718873, 7.5, 0.008880846, 7.5, -0.028590594
8, -0.004411775, 8, -0.017188734, 8, -0.001890761, 8, -0.003437747, 8, -0.002291831, 8, 0.010141353, 8, -0.033059665
8.5, -0.005042029, 8.5, -0.018907607, 8.5, -0.002119944, 8.5, -0.004010705, 8.5, -0.002291831, 8.5, 0.011516452, 8.5, -0.03787251
9, -0.005786874, 9, -0.021199438, 9, -0.002406423, 9, -0.004010705, 9, -0.002291831, 9, 0.012948846, 9, -0.043143722
9.5, -0.006531719, 9.5, -0.02349127, 9.5, -0.002635606, 9.5, -0.004583662, 9.5, -0.002864789, 9.5, 0.014495832, 9.5, -0.048758708
10, -0.007391156, 10, -0.026356059, 10, -0.002979381, 10, -0.00515662, 10, -0.002864789, 10, 0.016100114, 10, -0.054774765
10.5, -0.008307888, 10.5, -0.02864789, 10.5, -0.003265859, 10.5, -0.005729578, 10.5, -0.003437747, 10.5, 0.017761692, 10.5, -0.061191893
11, -0.009281916, 11, -0.030939721, 11, -0.003609634, 11, -0.005729578, 11, -0.003437747, 11, 0.019537861, 11, -0.06801009
11.5, -0.01031324, 11.5, -0.03380451, 11.5, -0.003953409, 11.5, -0.006302536, 11.5, -0.004010705, 11.5, 0.021371326, 11.5, -0.075286654
12, -0.01140186, 12, -0.036096341, 12, -0.004297183, 12, -0.006875494, 12, -0.004583662, 12, 0.023262086, 12, -0.082964289
12.5, -0.012547776, 12.5, -0.03896113, 12.5, -0.004640958, 12.5, -0.006875494, 12.5, -0.004583662, 12.5, 0.025210143, 12.5, -0.091100289
13, -0.013750987, 13, -0.041825919, 13, -0.005042029, 13, -0.007448451, 13, -0.00515662, 13, 0.027215495, 13, -0.099694656
13.5, -0.01506879, 13.5, -0.044690708, 13.5, -0.005385803, 13.5, -0.007448451, 13.5, -0.00515662, 13.5, 0.029278143, 13.5, -0.10874739
14, -0.016386593, 14, -0.047555497, 14, -0.005672282, 14, -0.008021409, 14, -0.005729578, 14, 0.031398087, 14, -0.118258489
14.5, -0.017761692, 14.5, -0.050420286, 14.5, -0.006016057, 14.5, -0.008021409, 14.5, -0.006302536, 14.5, 0.033575327, 14.5, -0.128227955
15, -0.019194086, 15, -0.053285075, 15, -0.006359832, 15, -0.008021409, 15, -0.006302536, 15, 0.035809862, 15, -0.138655786
15.5, -0.020683776, 15.5, -0.056722822, 15.5, -0.006703606, 15.5, -0.008021409, 15.5, -0.006875494, 15.5, 0.038101693, 15.5, -0.149541985
16, -0.022230762, 16, -0.059587611, 16, -0.007047381, 16, -0.008594367, 16, -0.007448451, 16, 0.040393525, 16, -0.160886549
16.5, -0.023777748, 16.5, -0.063025357, 16.5, -0.007391156, 16.5, -0.008594367, 16.5, -0.007448451, 16.5, 0.042799947, 16.5, -0.172689479
17, -0.025439326, 17, -0.065890146, 17, -0.007677634, 17, -0.008594367, 17, -0.008021409, 17, 0.04520637, 17, -0.184950776
17.5, -0.027100904, 17.5, -0.068754935, 17.5, -0.007964113, 17.5, -0.008021409, 17.5, -0.008594367, 17.5, 0.047612793, 17.5, -0.197670439
18, -0.028819777, 18, -0.072192682, 18, -0.008307888, 18, -0.008021409, 18, -0.008594367, 18, 0.050076511, 18, -0.210848469
18.5, -0.03053865, 18.5, -0.075057471, 18.5, -0.008594367, 18.5, -0.008021409, 18.5, -0.009167325, 18.5, 0.052597526, 18.5, -0.224427568
19, -0.032257524, 19, -0.078495218, 19, -0.00882355, 19, -0.007448451, 19, -0.009740283, 19, 0.05511854, 19, -0.238350443
19.5, -0.034090989, 19.5, -0.081360007, 19.5, -0.009110029, 19.5, -0.007448451, 19.5, -0.01031324, 19.5, 0.05769685, 19.5, -0.252731683
20, -0.035924454, 20, -0.084797754, 20, -0.009396508, 20, -0.006875494, 20, -0.01031324, 20, 0.060217864, 20, -0.26757129
20.5, -0.037757919, 20.5, -0.087662543, 20.5, -0.009682987, 20.5, -0.006302536, 20.5, -0.010886198, 20.5, 0.06285347, 20.5, -0.282697376
21, -0.039648679, 21, -0.091100289, 21, -0.00991217, 21, -0.005729578, 21, -0.011459156, 21, 0.06543178, 21, -0.298281828
21.5, -0.041596736, 21.5, -0.093965078, 21.5, -0.010198649, 21.5, -0.00515662, 21.5, -0.012032114, 21.5, 0.068124682, 21.5, -0.314152759
22, -0.043544792, 22, -0.097402825, 22, -0.010427832, 22, -0.004010705, 22, -0.012605071, 22, 0.070817583, 22, -0.33042476
22.5, -0.045550145, 22.5, -0.100267614, 22.5, -0.010599719, 22.5, -0.003437747, 22.5, -0.013178029, 22.5, 0.073510485, 22.5, -0.347040537
23, -0.047612793, 23, -0.103705361, 23, -0.010771607, 23, -0.002291831, 23, -0.013750987, 23, 0.076260683, 23, -0.363942791
23.5, -0.049675441, 23.5, -0.10657015, 23.5, -0.010886198, 23.5, -0.001718873, 23.5, -0.014323945, 23.5, 0.07901088, 23.5, -0.381188821
24, -0.051795385, 24, -0.110007897, 24, -0.01100079, 24, -0.000572958, 24, -0.014896903, 24, 0.081818373, 24, -0.398664034
24.5, -0.053915329, 24.5, -0.112872686, 24.5, -0.011115381, 24.5, 0.000572958, 24.5, -0.01546986, 24.5, 0.084625866, 24.5, -0.416425726
25, -0.056092568, 25, -0.115737475, 25, -0.011115381, 25, 0.001718873, 25, -0.016042818, 25, 0.08743336, 25, -0.4344166
25.5, -0.058269808, 25.5, -0.119175221, 25.5, -0.011115381, 25.5, 0.002864789, 25.5, -0.016615776, 25.5, 0.090240853, 25.5, -0.452636658
26, -0.060504343, 26, -0.12204001, 26, -0.011058085, 26, 0.004010705, 26, -0.017188734, 26, 0.093048346, 26, -0.471085899
26.5, -0.062681583, 26.5, -0.125477757, 26.5, -0.01100079, 26.5, 0.00515662, 26.5, -0.017761692, 26.5, 0.095855839, 26.5, -0.489707027
27, -0.064973414, 27, -0.128342546, 27, -0.010886198, 27, 0.006302536, 27, -0.018334649, 27, 0.098663332, 27, -0.508500043
27.5, -0.067265245, 27.5, -0.131207335, 27.5, -0.010714311, 27.5, 0.008021409, 27.5, -0.019480565, 27.5, 0.101470826, 27.5, -0.52740765
28, -0.069557076, 28, -0.134645082, 28, -0.010485128, 28, 0.009167325, 28, -0.020053523, 28, 0.104278319, 28, -0.546429849
28.5, -0.071906203, 28.5, -0.137509871, 28.5, -0.010255945, 28.5, 0.010886198, 28.5, -0.020626481, 28.5, 0.107085812, 28.5, -0.56556664
29, -0.074312626, 29, -0.14037466, 29, -0.010026761, 29, 0.012605071, 29, -0.021199438, 29, 0.109836009, 29, -0.584818021
29.5, -0.076776345, 29.5, -0.143812407, 29.5, -0.009682987, 29.5, 0.014323945, 29.5, -0.022345354, 29.5, 0.112586207, 29.5, -0.604126699
30, -0.079297359, 30, -0.146677196, 30, -0.009339212, 30, 0.016042818, 30, -0.022918312, 30, 0.115279108, 30, -0.623492673
30.5, -0.081818373, 30.5, -0.149541985, 30.5, -0.008995437, 30.5, 0.017761692, 30.5, -0.02349127, 30.5, 0.117914714, 30.5, -0.642858646
31, -0.084453979, 31, -0.152406774, 31, -0.008594367, 31, 0.019480565, 31, -0.024637185, 31, 0.12055032, 31, -0.66222462
31.5, -0.087089585, 31.5, -0.155271562, 31.5, -0.008193296, 31.5, 0.021199438, 31.5, -0.025210143, 31.5, 0.12312863, 31.5, -0.681533297
32, -0.089782486, 32, -0.158136351, 32, -0.007792226, 32, 0.02349127, 32, -0.025783101, 32, 0.125649644, 32, -0.700841975
32.5, -0.09258998, 32.5, -0.160428183, 32.5, -0.00733386, 32.5, 0.025210143, 32.5, -0.026929016, 32.5, 0.128113363, 32.5, -0.720093357
33, -0.095454769, 33, -0.163292972, 33, -0.006818198, 33, 0.027501974, 33, -0.027501974, 33, 0.130577082, 33, -0.739230147
33.5, -0.098376853, 33.5, -0.166157761, 33.5, -0.006359832, 33.5, 0.029793805, 33.5, -0.028074932, 33.5, 0.132926208, 33.5, -0.75819505
34, -0.101298938, 34, -0.168449592, 34, -0.00584417, 34, 0.031512679, 34, -0.02864789, 34, 0.13521804, 34, -0.777102658
34.5, -0.104335614, 34.5, -0.170741423, 34.5, -0.005271212, 34.5, 0.03380451, 34.5, -0.029220848, 34.5, 0.137452575, 34.5, -0.795781082
35, -0.107486882, 35, -0.173033254, 35, -0.004698254, 35, 0.036669299, 35, -0.029793805, 35, 0.139629815, 35, -0.814287618
35.5, -0.11063815, 35.5, -0.175898043, 35.5, -0.004010705, 35.5, 0.03896113, 35.5, -0.030366763, 35.5, 0.141692463, 35.5, -0.832564972
36, -0.113846714, 36, -0.178189874, 36, -0.003265859, 36, 0.041825919, 36, -0.030939721, 36, 0.143697815, 36, -0.850613143
36.5, -0.117055278, 36.5, -0.179908748, 36.5, -0.002463719, 36.5, 0.04411775, 36.5, -0.031512679, 36.5, 0.145645872, 36.5, -0.868317539
37, -0.120321137, 37, -0.182200579, 37, -0.001661578, 37, 0.046982539, 37, -0.031512679, 37, 0.147479336, 37, -0.885792751
37.5, -0.123644292, 37.5, -0.18449241, 37.5, -0.000744845, 37.5, 0.049847328, 37.5, -0.032085637, 37.5, 0.14919821, 37.5, -0.902924189
38, -0.126967447, 38, -0.186211283, 38, 0.000171887, 38, 0.052712117, 38, -0.032085637, 38, 0.150859787, 38, -0.919711853
38.5, -0.130347898, 38.5, -0.188503115, 38.5, 0.001145916, 38.5, 0.055576906, 38.5, -0.032658594, 38.5, 0.152464069, 38.5, -0.936155741
39, -0.133785645, 39, -0.190221988, 39, 0.00217724, 39, 0.058441695, 39, -0.032658594, 39, 0.15395376, 39, -0.952255856
39.5, -0.137166096, 39.5, -0.191940861, 39.5, 0.003265859, 39.5, 0.061306484, 39.5, -0.033231552, 39.5, 0.155386154, 39.5, -0.967954899
40, -0.140661139, 40, -0.193659735, 40, 0.004411775, 40, 0.064171273, 40, -0.033231552, 40, 0.156761253, 40, -0.983252872
40.5, -0.144098885, 40.5, -0.195378608, 40.5, 0.005614986, 40.5, 0.06760902, 40.5, -0.033231552, 40.5, 0.15802176, 40.5, -0.998207071
41, -0.147536632, 41, -0.197097482, 41, 0.006818198, 41, 0.070473809, 41, -0.033231552, 41, 0.159282267, 41, -1.012702903
41.5, -0.150974379, 41.5, -0.198243397, 41.5, 0.008136001, 41.5, 0.073911556, 41.5, -0.03380451, 41.5, 0.160485478, 41.5, -1.026740369
42, -0.154412126, 42, -0.199389313, 42, 0.009568395, 42, 0.077349302, 42, -0.03380451, 42, 0.161631394, 42, -1.040376764
42.5, -0.157907168, 42.5, -0.201108186, 42.5, 0.011058085, 42.5, 0.080787049, 42.5, -0.03380451, 42.5, 0.162720014, 42.5, -1.053554794
43, -0.161344915, 43, -0.201681144, 43, 0.012605071, 43, 0.084224796, 43, -0.033231552, 43, 0.163751338, 43, -1.066274457
43.5, -0.164782662, 43.5, -0.202827059, 43.5, 0.014209353, 43.5, 0.087662543, 43.5, -0.033231552, 43.5, 0.164782662, 43.5, -1.078478458
44, -0.168277704, 44, -0.203972975, 44, 0.015870931, 44, 0.091100289, 44, -0.033231552, 44, 0.165699394, 44, -1.090281388
44.5, -0.171715451, 44.5, -0.204545933, 44.5, 0.017589804, 44.5, 0.095110994, 44.5, -0.033231552, 44.5, 0.166616127, 44.5, -1.101568657
45, -0.175095902, 45, -0.205118891, 45, 0.019308678, 45, 0.098548741, 45, -0.032658594, 45, 0.167532859, 45, -1.112340263
45.5, -0.178533649, 45.5, -0.205691848, 45.5, 0.021142143, 45.5, 0.102559445, 45.5, -0.032658594, 45.5, 0.168335, 45.5, -1.122653504
46, -0.181971396, 46, -0.206264806, 46, 0.023032903, 46, 0.105997192, 46, -0.032658594, 46, 0.169079845, 46, -1.132451082
46.5, -0.185351847, 46.5, -0.206264806, 46.5, 0.02498096, 46.5, 0.110007897, 46.5, -0.032085637, 46.5, 0.16982469, 46.5, -1.141732998
47, -0.188789593, 47, -0.206264806, 47, 0.026986312, 47, 0.114018601, 47, -0.032085637, 47, 0.17051224, 47, -1.150499253
47.5, -0.19222734, 47.5, -0.206264806, 47.5, 0.02904896, 47.5, 0.118029306, 47.5, -0.031512679, 47.5, 0.171142493, 47.5, -1.158749845
48, -0.195722383, 48, -0.205691848, 48, 0.031168904, 48, 0.12204001, 48, -0.031512679, 48, 0.171658155, 48, -1.166484775
48.5, -0.19916013, 48.5, -0.205691848, 48.5, 0.033346144, 48.5, 0.125477757, 48.5, -0.030939721, 48.5, 0.172173817, 48.5, -1.173646748
49, -0.202597876, 49, -0.205118891, 49, 0.035523383, 49, 0.129488462, 49, -0.030939721, 49, 0.172574888, 49, -1.180235762
49.5, -0.206150215, 49.5, -0.205118891, 49.5, 0.037757919, 49.5, 0.133499166, 49.5, -0.030366763, 49.5, 0.172918663, 49.5, -1.186366411
50, -0.209702553, 50, -0.204545933, 50, 0.039992454, 50, 0.137509871, 50, -0.030366763, 50, 0.173205141, 50, -1.191981397
50.5, -0.213254891, 50.5, -0.203972975, 50.5, 0.042169694, 50.5, 0.141520575, 50.5, -0.030366763, 50.5, 0.173377029, 50.5, -1.197080721
51, -0.216921821, 51, -0.203400017, 51, 0.044404229, 51, 0.14553128, 51, -0.030366763, 51, 0.173434325, 51, -1.20172168
51.5, -0.220646047, 51.5, -0.202827059, 51.5, 0.046638765, 51.5, 0.149541985, 51.5, -0.029793805, 51.5, 0.173377029, 51.5, -1.20578968
52, -0.224427568, 52, -0.202254102, 52, 0.0488733, 52, 0.153552689, 52, -0.029793805, 52, 0.173205141, 52, -1.20945661
52.5, -0.228380977, 52.5, -0.201681144, 52.5, 0.051107835, 52.5, 0.156990436, 52.5, -0.029793805, 52.5, 0.172861367, 52.5, -1.212550582
53, -0.232391682, 53, -0.200535228, 53, 0.053285075, 53, 0.16100114, 53, -0.030366763, 53, 0.172345705, 53, -1.215243483
53.5, -0.236574274, 53.5, -0.199962271, 53.5, 0.055405019, 53.5, 0.164438887, 53.5, -0.030366763, 53.5, 0.171658155, 53.5, -1.217535315
54, -0.240814161, 54, -0.199389313, 54, 0.057467667, 54, 0.168449592, 54, -0.030939721, 54, 0.170684127, 54, -1.21936878
54.5, -0.245225936, 54.5, -0.198816355, 54.5, 0.059415723, 54.5, 0.171887339, 54.5, -0.030939721, 54.5, 0.169538212, 54.5, -1.22085847
55, -0.249695007, 55, -0.198243397, 55, 0.061306484, 55, 0.175325085, 55, -0.032085637, 55, 0.168105817, 55, -1.22194709
55.5, -0.254278669, 55.5, -0.197670439, 55.5, 0.063082653, 55.5, 0.178762832, 55.5, -0.032658594, 55.5, 0.166444239, 55.5, -1.222634639
56, -0.259091515, 56, -0.197097482, 56, 0.064744231, 56, 0.181627621, 56, -0.03380451, 56, 0.164553479, 56, -1.222921118
56.5, -0.264076248, 56.5, -0.196524524, 56.5, 0.066291217, 56.5, 0.185065368, 56.5, -0.034950426, 56.5, 0.162490831, 56.5, -1.222806526
57, -0.269232868, 57, -0.196524524, 57, 0.067723611, 57, 0.188503115, 57, -0.036096341, 57, 0.160141704, 57, -1.222290864
57.5, -0.274618671, 57.5, -0.195951566, 57.5, 0.069041414, 57.5, 0.192513819, 57.5, -0.037242257, 57.5, 0.157620689, 57.5, -1.22125954
58, -0.280176362, 58, -0.195951566, 58, 0.070244626, 58, 0.195951566, 58, -0.038388172, 58, 0.154927788, 58, -1.21976985
58.5, -0.285963236, 58.5, -0.195378608, 58.5, 0.071447837, 58.5, 0.199962271, 58.5, -0.040107046, 58.5, 0.152005703, 58.5, -1.217649906
59, -0.291864701, 59, -0.195378608, 59, 0.072536457, 59, 0.204545933, 59, -0.041252961, 59, 0.148969027, 59, -1.2150143
59.5, -0.297938053, 59.5, -0.19480565, 59.5, 0.073567781, 59.5, 0.209702553, 59.5, -0.041825919, 59.5, 0.145760463, 59.5, -1.211691145
60, -0.304183293, 60, -0.194232693, 60, 0.074541809, 60, 0.214859173, 60, -0.042971835, 60, 0.142380012, 60, -1.207680441
60.5, -0.310543125, 60.5, -0.193659735, 60.5, 0.075458542, 60.5, 0.220588751, 60.5, -0.043544792, 60.5, 0.13888497, 60.5, -1.202867595
61, -0.31713214, 61, -0.192513819, 61, 0.076317978, 61, 0.226891287, 61, -0.043544792, 61, 0.135332631, 61, -1.197138017
61.5, -0.323835746, 61.5, -0.191367904, 61.5, 0.077177415, 61.5, 0.234339738, 61.5, -0.042971835, 61.5, 0.131665701, 61.5, -1.190491707
62, -0.330768535, 62, -0.190221988, 62, 0.077979556, 62, 0.242361147, 62, -0.042398877, 62, 0.127941476, 62, -1.182814072
62.5, -0.337987803, 62.5, -0.188503115, 62.5, 0.078838993, 62.5, 0.250955514, 62.5, -0.041252961, 62.5, 0.124274546, 62.5, -1.173990522
63, -0.345321663, 63, -0.186211283, 63, 0.079755725, 63, 0.260695797, 63, -0.040107046, 63, 0.120664912, 63, -1.163963761
63.5, -0.352884706, 63.5, -0.183346494, 63.5, 0.080787049, 63.5, 0.271009037, 63.5, -0.037242257, 63.5, 0.117112573, 63.5, -1.152619196
64, -0.360734228, 64, -0.179908748, 64, 0.081818373, 64, 0.282468193, 64, -0.034377468, 64, 0.113789418, 64, -1.139956829
64.5, -0.368812933, 64.5, -0.175325085, 64.5, 0.083136176, 64.5, 0.294500307, 64.5, -0.030366763, 64.5, 0.110695446, 64.5, -1.125804772
65, -0.377235412, 65, -0.170168465, 65, 0.084282092, 65, 0.307678336, 65, -0.025783101, 65, 0.107830657, 65, -1.11022032
65.5, -0.386116258, 65.5, -0.165011845, 65.5, 0.085428007, 65.5, 0.322002281, 65.5, -0.020626481, 65.5, 0.105252347, 65.5, -1.093031586
66, -0.39545547, 66, -0.159282267, 66, 0.086573923, 66, 0.337472141, 66, -0.013750987, 66, 0.102960516, 66, -1.07423857
66.5, -0.405253048, 66.5, -0.152979731, 66.5, 0.087719838, 66.5, 0.35351496, 66.5, -0.006875494, 66.5, 0.100955164, 66.5, -1.053669385
67, -0.415623585, 67, -0.146677196, 67, 0.088292796, 67, 0.370130736, 67, 0.001718873, 67, 0.099293586, 67, -1.031266735
67.5, -0.426337895, 67.5, -0.140947618, 67.5, 0.089438712, 67.5, 0.387892427, 67.5, 0.010886198, 67.5, 0.097918487, 67.5, -1.006916029
68, -0.437510572, 68, -0.134645082, 68, 0.09001167, 68, 0.406227077, 68, 0.020626481, 68, 0.096944459, 68, -0.980445379
68.5, -0.449027024, 68.5, -0.128915504, 68.5, 0.09001167, 68.5, 0.425134684, 68.5, 0.032085637, 68.5, 0.096428797, 68.5, -0.951797489
69, -0.460829955, 69, -0.12204001, 69, 0.089438712, 69, 0.444615249, 69, 0.04411775, 69, 0.096486093, 69, -0.920800473
69.5, -0.47297666, 69.5, -0.114591559, 69.5, 0.088292796, 69.5, 0.464668772, 69.5, 0.05729578, 69.5, 0.097116346, 69.5, -0.887282442
70, -0.485524436, 70, -0.10657015, 70, 0.086573923, 70, 0.485295252, 70, 0.071619724, 70, 0.098434149, 70, -0.851243396
70.5, -0.498587873, 70.5, -0.097402825, 70.5, 0.083136176, 70.5, 0.507067649, 70.5, 0.087662543, 70.5, 0.100496797, 70.5, -0.812396858
71, -0.512166973, 71, -0.087089585, 71, 0.079354655, 71, 0.528840045, 71, 0.104851277, 71, 0.103246995, 71, -0.77068553
71.5, -0.526319031, 71.5, -0.076203387, 71.5, 0.07425533, 71.5, 0.551758357, 71.5, 0.123758884, 71.5, 0.106799333, 71.5, -0.726052118
72, -0.541101342, 72, -0.063598315, 72, 0.06801009, 72, 0.575249626, 72, 0.143812407, 72, 0.111096516, 72, -0.678267438
72.5, -0.556456611, 72.5, -0.050420286, 72.5, 0.060561639, 72.5, 0.599313854, 72.5, 0.166157761, 72.5, 0.116195841, 72.5, -0.62733149
73, -0.572384837, 73, -0.036669299, 73, 0.051909976, 73, 0.624523997, 73, 0.190221988, 73, 0.121982715, 73, -0.573015091
73.5, -0.588886022, 73.5, -0.021199438, 73.5, 0.042055102, 73.5, 0.650880055, 73.5, 0.216005089, 73.5, 0.128457138, 73.5, -0.515318241
74, -0.605902868, 74, -0.004583662, 74, 0.030997017, 74, 0.678954987, 74, 0.244080021, 74, 0.13561911, 74, -0.454069053
74.5, -0.623378081, 74.5, 0.013178029, 74.5, 0.018678424, 74.5, 0.708175835, 74.5, 0.274446784, 74.5, 0.143468632, 74.5, -0.38921023
75, -0.641368956, 75, 0.032085637, 75, 0.00515662, 75, 0.739688514, 75, 0.307105378, 75, 0.151891111, 75, -0.320856365
75.5, -0.659875493, 75.5, 0.053285075, 75.5, -0.009568395, 75.5, 0.772920066, 75.5, 0.342055804, 75.5, 0.160943845, 75.5, -0.248892866
76, -0.678954987, 76, 0.075630429, 76, -0.025496622, 76, 0.808443449, 76, 0.37929806, 76, 0.170626831, 76, -0.173377029
76.5, -0.69860744, 76.5, 0.100267614, 76.5, -0.04262806, 76.5, 0.846831621, 76.5, 0.418832148, 76.5, 0.180882776, 76.5, -0.094366149
77, -0.718775554, 77, 0.127196631, 77, -0.060848118, 77, 0.886938667, 77, 0.461231025, 77, 0.191768974, 77, -0.011860226
77.5, -0.739573922, 77.5, 0.15584452, 77.5, -0.0800995, 77.5, 0.930483459, 77.5, 0.505921733, 77.5, 0.203285426, 77.5, 0.074140739
78, -0.760945248, 78, 0.186211283, 78, -0.100267614, 78, 0.976893041, 78, 0.552904272, 78, 0.215546723, 78, 0.163522155
78.5, -0.782832235, 78.5, 0.219442836, 78.5, -0.121295165, 78.5, 1.026167411, 78.5, 0.6027516, 78.5, 0.228495569, 78.5, 0.256226726
79, -0.805234885, 79, 0.254393261, 79, -0.143010266, 79, 1.07830657, 79, 0.655463718, 79, 0.24218926, 79, 0.352139861
79.5, -0.828325084, 79.5, 0.292208476, 79.5, -0.165126437, 79.5, 1.133883477, 79.5, 0.710467666, 79.5, 0.256742388, 79.5, 0.451089672
80, -0.851988241, 80, 0.332315521, 80, -0.187586382, 80, 1.192898129, 80, 0.768909361, 80, 0.272212248, 80, 0.552846977
80.5, -0.876396243, 80.5, 0.374714398, 80.5, -0.210046328, 80.5, 1.255350529, 80.5, 0.82906993, 80.5, 0.288541546, 80.5, 0.657297183
81, -0.901549091, 81, 0.420551022, 81, -0.232334386, 81, 1.321240676, 81, 0.892668245, 81, 0.305844871, 81, 0.764268403
81.5, -0.927446783, 81.5, 0.468679476, 81.5, -0.254049486, 81.5, 1.390568569, 81.5, 0.959131349, 81.5, 0.324122225, 81.5, 0.873646046
82, -0.95408932, 82, 0.51967272, 82, -0.274847854, 82, 1.462761251, 82, 1.027886284, 82, 0.343488198, 82, 0.98531552
82.5, -0.981476703, 82.5, 0.574103711, 82.5, -0.294385715, 82.5, 1.538964638, 82.5, 1.099506009, 82.5, 0.364000087, 82.5, 1.099104938
83, -1.009551635, 83, 0.632545406, 83, -0.312147407, 83, 1.618032813, 83, 1.173990522, 83, 0.385887075, 83, 1.214957005
83.5, -1.038142229, 83.5, 0.694424848, 83.5, -0.327731859, 83.5, 1.699965778, 83.5, 1.251339825, 83.5, 0.409492936, 83.5, 1.332699831
84, -1.067133893, 84, 0.760314994, 84, -0.340566113, 84, 1.784763532, 84, 1.331553916, 84, 0.435390629, 84, 1.452333419
84.5, -1.096354741, 84.5, 0.830788803, 84.5, -0.350134509, 84.5, 1.872426074, 84.5, 1.414059838, 84.5, 0.464324997, 84.5, 1.573571289
85, -1.125460997, 85, 0.905846274, 85, -0.355864087, 85, 1.962380448, 85, 1.499315958, 85, 0.497212775, 85, 1.69641344
85.5, -1.154223478, 85.5, 0.987206281, 85.5, -0.357124594, 85.5, 2.054626653, 85.5, 1.586863909, 85.5, 0.535314468, 85.5, 1.820802577
86, -1.18229841, 86, 1.074295866, 86, -0.353285776, 86, 2.148591732, 86, 1.676703692, 86, 0.580119768, 86, 1.946853292
86.5, -1.20945661, 86.5, 1.16940686, 86.5, -0.343660086, 86.5, 2.244275684, 86.5, 1.768778009, 86.5, 0.633118364, 86.5, 2.074794768
87, -1.235526189, 87, 1.271966305, 87, -0.327388084, 87, 2.342251466, 87, 1.863029567, 87, 0.695971834, 87, 2.204856187
87.5, -1.260277966, 87.5, 1.384838991, 87.5, -0.303495744, 87.5, 2.441373165, 87.5, 1.959286476, 87.5, 0.770456347, 87.5, 2.337610508
88, -1.283482757, 88, 1.507451959, 88, -0.270951741, 88, 2.542213737, 88, 2.057319555, 88, 0.858233481, 88, 2.473687985
88.5, -1.304796787, 88.5, 1.642669999, 88.5, -0.228724752, 88.5, 2.64534614, 88.5, 2.157071507, 88.5, 0.960792927, 88.5, 2.61371887
89, -1.323704394, 89, 1.79049311, 89, -0.175726156, 89, 2.750770374, 89, 2.258427741, 89, 1.079452486, 89, 2.758619896
89.5, -1.339460733, 89.5, 1.953213124, 89.5, -0.110924629, 89.5, 2.859059398, 89.5, 2.361674736, 89.5, 1.215529962, 89.5, 2.909479684
90, -1.351263664, 90, 2.13083004, 90, -0.033346144, 90, 2.97021321, 90, 2.467671928, 90, 1.37005668, 90, 3.067386852
90.5, -1.358196453, 90.5, 2.325062733, 90.5, 0.057811442, 90.5, 3.085377727, 90.5, 2.577794416, 90.5, 1.544178554, 90.5, 3.233544613
91, -1.359628848, 91, 2.537057117, 91, 0.163350267, 91, 3.205698864, 91, 2.693474595, 91, 1.739098796, 91, 3.409270768
91.5, -1.354930594, 91.5, 2.768532066, 91.5, 0.283671404, 91.5, 3.333812227, 91.5, 2.816717817, 91.5, 1.956135208, 91.5, 3.595653939
92, -1.343414142, 92, 3.020633496, 92, 0.419462402, 92, 3.470233478, 92, 2.949815912, 92, 2.196720187, 92, 3.793553562
92.5, -1.324105465, 92.5, 3.295653238, 92.5, 0.571869175, 92.5, 3.616509603, 92.5, 3.095347192, 92.5, 2.462286125, 92.5, 4.003256115
93, -1.295744054, 93, 3.593591291, 93, 0.741464683, 93, 3.77430218, 93, 3.255718079, 93, 2.754208121, 93, 4.224990781
93.5, -1.257871543, 93.5, 3.916739488, 93.5, 0.928248924, 93.5, 3.944986307, 93.5, 3.432647446, 93.5, 3.073632092, 93.5, 4.458872153
94, -1.209800384, 94, 4.266587517, 94, 1.135086688, 94, 4.129994379, 94, 3.627854167, 94, 3.421589361, 94, 4.704957526
94.5, -1.150957619, 94.5, 4.643249972, 94.5, 1.361405017, 94.5, 4.331045269, 94.5, 3.842770636, 94.5, 3.798882069, 94.5, 4.963705267
95, -1.080770289, 95, 5.047357105, 95, 1.6100687, 95, 4.550201626, 95, 4.078542769, 95, 4.20614047, 95, 5.235974811
95.5, -0.998665437, 95.5, 5.478966212, 95.5, 1.882223653, 95.5, 4.789984463, 95.5, 4.335972706, 95.5, 4.643880225, 95.5, 5.522625596
96, -0.903955513, 96, 5.937618927, 96, 2.179015791, 96, 5.052571021, 96, 4.615404223, 96, 5.112215927, 96, 5.825204607
96.5, -0.79526542, 96.5, 6.422742292, 96.5, 2.502163987, 96.5, 5.339622876, 96.5, 4.917352981, 96.5, 5.611262167, 96.5, 6.144800465
97, -0.670933578, 97, 6.93347687, 97, 2.8522412, 97, 5.652400536, 97, 5.242105459, 97, 6.140732465, 97, 6.482329903
97.5, -0.528897341, 97.5, 7.469077817, 97.5, 3.230393345, 97.5, 5.991820734, 97.5, 5.590291911, 97.5, 6.700053865, 97.5, 6.838136693
98, -0.367036764, 98, 8.028513808, 98, 3.636620421, 98, 6.358857498, 98, 5.962599887, 98, 7.288366929, 98, 7.212278134
98.5, -0.183575678, 98.5, 8.611097295, 98.5, 4.071495388, 98.5, 6.754771334, 98.5, 6.359545047, 98.5, 7.904697629, 98.5, 7.605900139
99, 0.022918312, 99, 9.216255318, 99, 4.53616416, 99, 7.180994638, 99, 6.781471167, 99, 8.548014641, 99, 8.017856794
99.5, 0.253763007, 99.5, 9.843701399, 99.5, 5.029480821, 99.5, 7.638845212, 99.5, 7.228492839, 99.5, 9.217573121, 99.5, 8.449294013
100, 0.509932438, 100, 10.49337824, 100, 5.553164246, 100, 8.129526268, 100, 7.700438175, 100, 9.912570926, 100, 8.899065882
100.5, 0.792056856, 100.5, 11.16551503, 100.5, 6.106641476, 100.5, 8.653839946, 100.5, 8.196734217, 100.5, 10.63277887, 100.5, 9.367745359
101, 1.100537333, 101, 11.86039825, 101, 6.689912512, 101, 9.21201543, 101, 8.716578825, 101, 11.37705105, 101, 9.854186527
101.5, 1.435144685, 101.5, 12.57831436, 101.5, 7.30355031, 101.5, 9.803594354, 101.5, 9.258940674, 101.5, 12.14653337, 101.5, 10.35896234
102, 1.79564973, 102, 13.31926338, 102, 7.946981914, 102, 10.42720162, 102, 9.822845736, 102, 12.93950696, 102, 10.8809269
102.5, 2.181479509, 102.5, 14.08295883, 102.5, 8.619634366, 102.5, 11.08106105, 102.5, 10.40714809, 102.5, 13.75654477, 102.5, 11.42008018
103, 2.592290248, 103, 14.86859856, 103, 9.320934707, 103, 11.76293813, 103, 11.01104561, 103, 14.5965009, 103, 11.97756812
103.5, 3.027623581, 103.5, 15.67497936, 103.5, 10.04916406, 103.5, 12.47042641, 103.5, 11.63385073, 103.5, 15.45822943, 103.5, 12.55224478
104, 3.487479507, 104, 16.5011845, 104, 10.80317652, 104, 13.20117678, 104, 12.2751051, 104, 16.34001147, 104, 13.14468314
104.5, 3.971972619, 104.5, 17.34515133, 104.5, 11.58239912, 104.5, 13.95324118, 104.5, 12.93452223, 104.5, 17.24012817, 104.5, 13.7548832
105, 4.48144669, 105, 18.20687986, 105, 12.38454004, 105, 14.72501533, 105, 13.61118538, 105, 18.15686064, 105, 14.38284494
105.5, 5.016417384, 105.5, 19.0846512, 105.5, 13.20845335, 105.5, 15.51512413, 105.5, 14.30618319, 105.5, 19.08791706, 105.5, 15.02742246
106, 5.577514952, 106, 19.97846536, 106, 14.05356609, 106, 16.32299463, 106, 15.01836973, 106, 20.03100559, 106, 15.6880428
106.5, 6.164624805, 106.5, 20.88774938, 106.5, 14.91873237, 106.5, 17.14862681, 106.5, 15.74717204, 106.5, 20.98555327, 106.5, 16.36470595
107, 6.778835562, 107, 21.81250326, 107, 15.80223329, 107, 17.99030181, 107, 16.49316309, 107, 21.94926829, 107, 17.0551201
107.5, 7.418829419, 107.5, 22.75215404, 107.5, 16.70292294, 107.5, 18.84859259, 107.5, 17.25576992, 107.5, 22.92157766, 107.5, 17.75985818
108, 8.08632525, 108, 23.70727469, 108, 17.62022837, 108, 19.72235322, 108, 18.03441956, 108, 23.90248141, 108, 18.4777743
108.5, 8.78017714, 108.5, 24.67671928, 108.5, 18.5524307, 108.5, 20.61043781, 108.5, 18.82796611, 108.5, 24.89312544, 108.5, 19.20772253
109, 9.502103962, 109, 25.65991485, 109, 19.49838402, 109, 21.51170042, 109, 19.63698251, 109, 25.89236383, 109, 19.94855696
109.5, 10.25210572, 109.5, 26.6557155, 109.5, 20.45808833, 109.5, 22.42499514, 109.5, 20.45974991, 109.5, 26.90191547, 109.5, 20.69970463
110, 11.03075536, 110, 27.66354826, 110, 21.43039771, 110, 23.34974902, 110, 21.29626829, 110, 27.92120738, 110, 21.45944667
110.5, 11.83690698, 110.5, 28.68226722, 110.5, 22.41531216, 110.5, 24.28596206, 110.5, 22.14539174, 110.5, 28.95023959, 110.5, 22.22778307
111, 12.66941465, 111, 29.71129942, 111, 23.41168576, 111, 25.2330613, 111, 23.00712026, 111, 29.98843911, 111, 23.00414088
111.5, 13.52598656, 111.5, 30.74892599, 111.5, 24.41894557, 111.5, 26.19104673, 111.5, 23.8808809, 111.5, 31.03466004, 111.5, 23.7885201
112, 14.40318494, 112, 31.79457397, 112, 25.43594565, 112, 27.16106428, 112, 24.76552774, 112, 32.08661056, 112, 24.58092074
112.5, 15.29814502, 112.5, 32.84709744, 112.5, 26.46211306, 112.5, 28.14311394, 112.5, 25.66106077, 112.5, 33.14371769, 112.5, 25.38191573
113, 16.20742904, 113, 33.90592344, 113, 27.49572893, 113, 29.13719571, 113, 26.56690704, 113, 34.20254369, 113, 26.19265101
113.5, 17.12989109, 113.5, 34.96933311, 113.5, 28.53564732, 113.5, 30.14216369, 113.5, 27.4824936, 113.5, 35.26194266, 113.5, 27.01255362
114, 18.06438525, 114, 36.03618052, 114, 29.57957643, 114, 31.15801786, 114, 28.40724748, 114, 36.3201957, 114, 27.84162355
114.5, 19.01148449, 114.5, 37.10417385, 114.5, 30.62751623, 114.5, 32.18189344, 114.5, 29.34059573, 114.5, 37.37672988, 114.5, 28.67928784
115, 19.97061584, 115, 38.17102127, 115, 31.67832083, 115, 33.21379043, 115, 30.28196539, 115, 38.42982631, 115, 29.52382763
115.5, 20.9417793, 115.5, 39.23271206, 115.5, 32.73141726, 115.5, 34.25084404, 115.5, 31.2307835, 115.5, 39.48005794, 115.5, 30.374097
116, 21.92497488, 116, 40.28638145, 116, 33.78623256, 116, 35.29305426, 116, 32.18590414, 116, 40.52685184, 116, 31.22837707
116.5, 22.91905665, 116.5, 41.32801872, 116.5, 34.84219378, 116.5, 36.33812928, 116.5, 33.14790028, 116.5, 41.57078094, 116.5, 32.08666785
117, 23.92345167, 117, 42.35418613, 117, 35.89872795, 117, 37.38721501, 117, 34.11448008, 117, 42.61127229, 117, 32.94782342
117.5, 24.93644105, 117.5, 43.36373777, 117.5, 36.95526212, 117.5, 38.43859256, 117.5, 35.0862165, 117.5, 43.64717999, 117.5, 33.81127081
118, 25.95745184, 118, 44.35438179, 118, 38.0117963, 118, 39.4928349, 118, 36.06196363, 118, 44.67793106, 118, 34.67586413
118.5, 26.98591108, 118.5, 45.32554526, 118.5, 39.06603864, 118.5, 40.55108795, 118.5, 37.04000258, 118.5, 45.70180664, 118.5, 35.54217631
119, 28.02239173, 119, 46.27837407, 119, 40.11856211, 119, 41.61163283, 119, 38.02090633, 119, 46.71594194, 119, 36.40906146
119.5, 29.06689379, 119.5, 47.21401415, 119.5, 41.16822079, 119.5, 42.67618841, 119.5, 39.00238303, 119.5, 47.71919104, 119.5, 37.27537364
120, 30.1188443, 120, 48.1324655, 120, 42.21386877, 120, 43.74246287, 120, 39.98385973, 120, 48.70868915, 120, 38.14053991
120.5, 31.17652439, 120.5, 49.03544698, 120.5, 43.25493308, 120.5, 44.81102916, 120.5, 40.96419052, 120.5, 49.68214444, 120.5, 39.00226844
121, 32.2393611, 121, 49.92353156, 121, 44.29084077, 121, 45.87959545, 121, 41.94222948, 121, 50.63898396, 121, 39.86055922
121.5, 33.3050626, 121.5, 50.79614629, 121.5, 45.32044593, 121.5, 46.9458699, 121.5, 42.91683069, 121.5, 51.57748883, 121.5, 40.71254746
122, 34.37133706, 122, 51.65329115, 122, 46.3431756, 122, 48.0075607, 122, 43.88799415, 122, 52.49651313, 122, 41.55708725
122.5, 35.43703856, 122.5, 52.49324727, 122.5, 47.35845681, 122.5, 49.06180304, 122.5, 44.85400099, 122.5, 53.39548391, 122.5, 42.39245971
123, 36.49930231, 123, 53.31544171, 123, 48.36571661, 123, 50.1063051, 123, 45.81485121, 123, 54.27440117, 123, 43.2180919
123.5, 37.55812832, 123.5, 54.11872854, 123.5, 49.36380909, 123.5, 51.139348, 123.5, 46.77111777, 123.5, 55.13211899, 123.5, 44.03169196
124, 38.61237066, 124, 54.90196185, 124, 50.35158833, 124, 52.15863992, 124, 47.72165476, 124, 55.96863737, 124, 44.83325992
124.5, 39.66145638, 124.5, 55.66399571, 124.5, 51.32848137, 124.5, 53.16418085, 124.5, 48.66646216, 124.5, 56.7828104, 124.5, 45.62164985
125, 40.70481253, 125, 56.40483014, 125, 52.29620709, 125, 54.15539784, 125, 49.60553999, 125, 57.57406511, 125, 46.3974347
125.5, 41.74186614, 125.5, 57.12503809, 125.5, 53.24731703, 125.5, 55.13171792, 125.5, 50.53888824, 125.5, 58.34182856, 125.5, 47.15946857
126, 42.77319017, 126, 57.8240466, 126, 54.18696781, 126, 56.0931411, 126, 51.46536099, 126, 59.08552778, 126, 47.90832441
126.5, 43.7976387, 126.5, 58.50242863, 126.5, 55.10942986, 126.5, 57.03966738, 126.5, 52.38495825, 126.5, 59.80630868, 126.5, 48.64342926
127, 44.81578471, 127, 59.16190305, 127, 56.02043276, 127, 57.96957788, 127, 53.2965341, 127, 60.50073353, 127, 49.36478312
127.5, 45.82648226, 127.5, 59.80246987, 127.5, 56.91424692, 127.5, 58.88401852, 127.5, 54.20008855, 127.5, 61.17682373, 127.5, 50.072386
128, 46.83030431, 128, 60.42527499, 128, 57.79660192, 128, 59.78184339, 128, 55.09504862, 128, 61.83572519, 128, 50.76566493
128.5, 47.82610496, 128.5, 61.02974546, 128.5, 58.66176819, 128.5, 60.66362543, 128.5, 55.98084137, 128.5, 62.46597877, 128.5, 51.44519288
129, 48.8138842, 129, 61.6170272, 129, 59.51547531, 129, 61.52936466, 129, 56.85803976, 129, 63.08477319, 129, 52.11039688
129.5, 49.79249612, 129.5, 62.18712021, 129.5, 60.35199369, 129.5, 62.38020699, 129.5, 57.72607082, 129.5, 63.68064929, 129.5, 52.76127693
130, 50.76079479, 130, 62.74059744, 130, 61.17705291, 130, 63.21615241, 130, 58.58550751, 130, 64.26506625, 130, 53.39783304
130.5, 51.71763431, 130.5, 63.27803185, 130.5, 61.9849234, 130.5, 64.03834685, 130.5, 59.43577688, 130.5, 64.82656488, 130.5, 54.02063816
131, 52.6612958, 131, 63.80056936, 131, 62.78133474, 131, 64.84621734, 131, 60.27745188, 131, 65.37087479, 131, 54.62854639
131.5, 53.59177925, 131.5, 64.30878293, 131.5, 63.56628692, 131.5, 65.64033684, 131.5, 61.1093866, 131.5, 65.89226638, 131.5, 55.22270362
132, 54.50736581, 132, 64.80381846, 132, 64.33977994, 132, 66.42070536, 132, 61.93272695, 132, 66.39646924, 132, 55.80310987
132.5, 55.40748251, 132.5, 65.28682188, 132.5, 65.10181381, 132.5, 67.1884688, 132.5, 62.74632702, 132.5, 66.88348337, 132.5, 56.37033808
133, 56.29212934, 133, 65.7589391, 133, 65.84665894, 133, 67.93904352, 133, 63.54961385, 133, 67.35330876, 133, 56.92324235
133.5, 57.16073336, 133.5, 66.22131605, 133.5, 66.58004492, 133.5, 68.67242949, 133.5, 64.34316039, 133.5, 67.80594542, 133.5, 57.46354156
134, 58.01558639, 134, 66.67567158, 134, 67.29624217, 134, 69.40008589, 134, 65.12582074, 134, 68.24712292, 134, 57.98951681
134.5, 58.85210477, 134.5, 67.12257866, 134.5, 67.99525068, 134.5, 70.10482398, 134.5, 65.89931376, 134.5, 68.67684127, 134.5, 58.50517883
135, 59.67143442, 135, 67.56203729, 135, 68.67707045, 135, 70.80383249, 135, 66.66134763, 135, 69.10083004, 135, 59.00938169
135.5, 60.47357533, 135.5, 67.99748521, 135.5, 69.34170149, 135.5, 71.48565227, 135.5, 67.41192234, 135.5, 69.51335965, 135.5, 59.50212539
136, 61.26425709, 136, 68.42147398, 136, 69.98341422, 136, 72.15601289, 136, 68.15676748, 136, 69.93161884, 136, 59.98340994
136.5, 62.03202053, 136.5, 68.84546275, 136.5, 70.60793822, 136.5, 72.81491435, 136.5, 68.88442388, 136.5, 70.34414845, 136.5, 60.45896491
137, 62.78832482, 137, 69.26372194, 137, 71.20381433, 137, 73.46235666, 137, 69.6063507, 137, 70.75667806, 137, 60.91733114
137.5, 63.5217108, 137.5, 69.67052197, 137.5, 71.7825017, 137.5, 74.09833981, 137.5, 70.31681837, 137.5, 71.16920768, 137.5, 61.3699678
138, 64.2493672, 138, 70.07732201, 138, 72.33827076, 138, 74.72286381, 138, 71.01582688, 138, 71.57600771, 138, 61.81687488
138.5, 64.95983487, 138.5, 70.47839246, 138.5, 72.86539193, 138.5, 75.33592865, 138.5, 71.70910581, 138.5, 71.98280775, 138.5, 62.24659323
139, 65.65884338, 139, 70.87373334, 139, 73.37532437, 139, 75.93753434, 139, 72.38519601, 139, 72.3838782, 139, 62.67631158
139.5, 66.35212231, 139.5, 71.26907422, 139.5, 73.8623385, 139.5, 76.52768086, 139.5, 73.05555663, 139.5, 72.78494866, 139.5, 63.09457077
140, 67.02821251, 140, 71.65295594, 140, 74.32643431, 140, 77.11209782, 140, 73.71445809, 140, 73.17455996, 140, 63.51282996
140.5, 67.69284355, 140.5, 72.04256724, 140.5, 74.77334139, 140.5, 77.69078519, 140.5, 74.3619004, 140.5, 73.55844168, 140.5, 63.91962999
141, 68.34028586, 141, 72.42071939, 141, 75.19733016, 141, 78.25801341, 141, 74.99788355, 141, 73.93659383, 141, 64.32070045
141.5, 68.98199859, 141.5, 72.79887153, 141.5, 75.60413019, 141.5, 78.81378247, 141.5, 75.62240755, 141.5, 74.30901639, 141.5, 64.71604133
142, 69.60652259, 142, 73.17702368, 142, 75.9937415, 142, 79.36382195, 142, 76.23547239, 142, 74.66997981, 142, 65.10565263
142.5, 70.21958743, 142.5, 73.54944625, 142.5, 76.37189364, 142.5, 79.90813186, 142.5, 76.84280765, 142.5, 75.02521364, 142.5, 65.48953435
143, 70.82692269, 143, 73.92186881, 143, 76.72712747, 143, 80.44671218, 143, 77.43295418, 143, 75.37471789, 143, 65.87341607
143.5, 71.4227988, 143.5, 74.29429138, 143.5, 77.06517257, 143.5, 80.97383335, 143.5, 78.01737113, 143.5, 75.71849257, 143.5, 66.25156822
144, 72.00721575, 144, 74.66671395, 144, 77.39175852, 144, 81.49522495, 144, 78.59032893, 144, 76.05080809, 144, 66.62399078
144.5, 72.58017354, 144.5, 75.03913651, 144.5, 77.69542615, 144.5, 82.00515739, 144.5, 79.14609799, 144.5, 76.38312361, 144.5, 66.99068377
145, 73.14740176, 145, 75.4058295, 145, 77.98763462, 145, 82.50936025, 145, 79.70186705, 145, 76.70397998, 145, 67.35164718
145.5, 73.70317082, 145.5, 75.77252249, 145.5, 78.25692479, 145.5, 83.00783353, 145.5, 80.24044738, 145.5, 77.02483634, 145.5, 67.71261059
146, 74.24748073, 146, 76.13921548, 146, 78.51475579, 146, 83.49484765, 146, 80.76756855, 146, 77.33423355, 146, 68.06784443
146.5, 74.78606105, 146.5, 76.50590847, 146.5, 78.75539807, 146.5, 83.9761322, 146.5, 81.28896014, 146.5, 77.64363076, 146.5, 68.41734868
147, 75.3189118, 147, 76.86687188, 147, 78.98458119, 147, 84.44595759, 147, 81.79889258, 147, 77.94729839, 147, 68.76685294
147.5, 75.8403034, 147.5, 77.22210571, 147.5, 79.20230515, 147.5, 84.90432383, 147.5, 82.29736586, 147.5, 78.24523645, 147.5, 69.11062761
148, 76.35596541, 148, 77.57733955, 148, 79.40856995, 148, 85.35696049, 148, 82.79010957, 148, 78.53171534, 148, 69.44867271
148.5, 76.86016827, 148.5, 77.92111422, 148.5, 79.60910518, 148.5, 85.79813799, 148.5, 83.27139411, 148.5, 78.81819424, 148.5, 69.78098824
149, 77.36437113, 149, 78.2648889, 149, 79.79245168, 149, 86.22785634, 149, 83.74121951, 149, 79.09894356, 149, 70.11330376
149.5, 77.85711484, 149.5, 78.602934, 149.5, 79.96433902, 149.5, 86.6518451, 149.5, 84.19958574, 149.5, 79.3739633, 149.5, 70.4398897
150, 78.34412896, 150, 78.93524952, 150, 80.11903762, 150, 87.05864514, 150, 84.6522224, 150, 79.63752389, 150, 70.76074606
150.5, 78.82541351, 150.5, 79.26183546, 150.5, 80.25654749, 150.5, 87.4597156, 150.5, 85.08767032, 150.5, 79.8953549, 150.5, 71.08160243
151, 79.30096848, 151, 79.58269183, 151, 80.37686863, 151, 87.8493269, 151, 85.51738867, 151, 80.14745633, 151, 71.39099964
151.5, 79.77079387, 151.5, 79.89781862, 151.5, 80.48000103, 151.5, 88.22174946, 151.5, 85.92991828, 151.5, 80.39382818, 151.5, 71.69466727
152, 80.23488969, 152, 80.20721582, 152, 80.56021512, 152, 88.58271287, 152, 86.33098874, 152, 80.62874087, 152, 71.9983349
152.5, 80.68752634, 152.5, 80.51088346, 152.5, 80.62897006, 152.5, 88.92648755, 152.5, 86.72060004, 152.5, 80.85219441, 152.5, 72.29054338
153, 81.13443342, 153, 80.80309193, 153, 80.68053626, 153, 89.24734392, 153, 87.09875218, 153, 81.06991838, 153, 72.58275185
153.5, 81.57561093, 153.5, 81.09530041, 153.5, 80.7206433, 153.5, 89.55674113, 153.5, 87.46544517, 153.5, 81.27618318, 153.5, 72.86350117
154, 82.01105885, 154, 81.37604973, 154, 80.74929119, 154, 89.84322002, 154, 87.82640858, 154, 81.47098883, 154, 73.14425049
154.5, 82.43504762, 154.5, 81.65106947, 154.5, 80.77220951, 154.5, 90.11251019, 154.5, 88.17018326, 154.5, 81.65433533, 154.5, 73.41354066
155, 82.85330681, 155, 81.91463005, 155, 80.78366866, 155, 90.36461162, 155, 88.50249878, 155, 81.82049309, 155, 73.67710124
155.5, 83.26583642, 155.5, 82.17246106, 155.5, 80.78366866, 155.5, 90.59952431, 155.5, 88.82335515, 155.5, 81.97519169, 155.5, 73.93493225
156, 83.66690688, 156, 82.42456249, 156, 80.78366866, 156, 90.81724828, 156, 89.13848194, 156, 82.11843114, 156, 74.18703368
156.5, 84.05651818, 156.5, 82.66520477, 156.5, 80.77220951, 156.5, 91.02351308, 156.5, 89.43641999, 156.5, 82.25021143, 156.5, 74.42767595
157, 84.43467032, 157, 82.89438788, 157, 80.76075035, 157, 91.21831873, 157, 89.72862846, 157, 82.36480299, 157, 74.66258865
157.5, 84.80136331, 157.5, 83.11784142, 157.5, 80.74356162, 157.5, 91.39020607, 157.5, 90.00364821, 157.5, 82.4679354, 157.5, 74.89177177
158, 85.15659715, 158, 83.32983581, 158, 80.72637288, 158, 91.55063425, 158, 90.27293837, 158, 82.56533822, 158, 75.10949573
158.5, 85.49464225, 158.5, 83.53610061, 158.5, 80.70345457, 158.5, 91.69960328, 158.5, 90.53076938, 158.5, 82.64555231, 158.5, 75.32721969
159, 85.82122819, 159, 83.72517669, 159, 80.68053626, 159, 91.82565399, 159, 90.77141165, 159, 82.72003683, 159, 75.52775492
159.5, 86.12489582, 159.5, 83.90852318, 159.5, 80.65761795, 159.5, 91.93451598, 159.5, 91.00632435, 159.5, 82.78306218, 159.5, 75.72829015
160, 86.41137472, 160, 84.0861401, 160, 80.63469964, 160, 92.0319188, 160, 91.22977789, 160, 82.84035796, 160, 75.91736622
160.5, 86.6749353, 160.5, 84.25229786, 160.5, 80.61178132, 160.5, 92.11213289, 160.5, 91.44177227, 160.5, 82.88619459, 160.5, 76.10071272
161, 86.909848, 161, 84.40699646, 161, 80.58313343, 161, 92.18088783, 161, 91.6423075, 161, 82.93203121, 161, 76.27260005
161.5, 87.12184238, 161.5, 84.55596549, 161.5, 80.56021512, 161.5, 92.23245403, 161.5, 91.83711315, 161.5, 82.9606791, 161.5, 76.43875781
162, 87.29372972, 162, 84.69347536, 162, 80.53156723, 162, 92.27256107, 162, 92.02045964, 162, 82.98932699, 162, 76.599186
162.5, 87.43123959, 162.5, 84.82525565, 162.5, 80.50864892, 162.5, 92.30693854, 162.5, 92.19234698, 162.5, 83.00651572, 162.5, 76.74242545
163, 87.534372, 163, 84.94557679, 163, 80.48000103, 163, 92.32985685, 163, 92.35277517, 163, 83.01797488, 163, 76.88566489
163.5, 87.59739735, 163.5, 85.05443877, 163.5, 80.45708272, 163.5, 92.34704559, 163.5, 92.50174419, 163.5, 83.02370446, 163.5, 77.01171561
164, 87.62031567, 164, 85.15757117, 164, 80.42843483, 164, 92.35850474, 164, 92.64498364, 164, 83.02370446, 164, 77.13776632
164.5, 87.61458609, 164.5, 85.24924442, 164.5, 80.39978694, 164.5, 92.36423432, 164.5, 92.77103436, 164.5, 83.01797488, 164.5, 77.25235788
165, 87.57447904, 165, 85.32945851, 165, 80.37686863, 165, 92.36423432, 165, 92.89135549, 165, 83.00651572, 165, 77.35549029
165.5, 87.50572411, 165.5, 85.40394303, 165.5, 80.34822074, 165.5, 92.36423432, 165.5, 92.9944879, 165.5, 82.98359741, 165.5, 77.45289311
166, 87.41978044, 166, 85.46696838, 166, 80.31957285, 166, 92.35277517, 166, 93.09189072, 166, 82.95494952, 166, 77.53883678
166.5, 87.31664803, 166.5, 85.51853459, 166.5, 80.29092496, 166.5, 92.34131601, 166.5, 93.17783439, 166.5, 82.92630163, 166.5, 77.61905087
167, 87.20778605, 167, 85.55864163, 167, 80.25654749, 167, 92.32985685, 167, 93.2523189, 167, 82.88619459, 167, 77.68780581
167.5, 87.08746492, 167.5, 85.5930191, 167.5, 80.2278996, 167.5, 92.31266812, 167.5, 93.32107384, 167.5, 82.84035796, 167.5, 77.74510159
168, 86.96714378, 168, 85.62166699, 168, 80.19352213, 168, 92.28974981, 168, 93.37836962, 168, 82.79452134, 168, 77.79666779
168.5, 86.84682264, 168.5, 85.63312614, 168.5, 80.15341509, 168.5, 92.27256107, 168.5, 93.42420624, 168.5, 82.73722556, 168.5, 77.83677483
169, 86.72650151, 169, 85.63885572, 169, 80.11903762, 169, 92.24391318, 169, 93.46431329, 169, 82.67992978, 169, 77.8711523
169.5, 86.61190995, 169.5, 85.63312614, 169.5, 80.073201, 169.5, 92.2152653, 169.5, 93.49869076, 169.5, 82.61690442, 169.5, 77.89407061
170, 86.50304797, 170, 85.62166699, 170, 80.02736437, 170, 92.18661741, 170, 93.52160907, 170, 82.54814949, 170, 77.91125935
170.5, 86.39991556, 170.5, 85.5930191, 170.5, 79.98152775, 170.5, 92.15796952, 170.5, 93.53306822, 170.5, 82.47366497, 170.5, 77.91698893
171, 86.30824231, 171, 85.55864163, 171, 79.92996155, 171, 92.12359205, 171, 93.5387978, 171, 82.39345088, 171, 77.91698893
171.5, 86.21656907, 171.5, 85.51280501, 171.5, 79.87266577, 171.5, 92.083485, 171.5, 93.53306822, 171.5, 82.31323679, 171.5, 77.90552977
172, 86.13635498, 172, 85.45550923, 172, 79.80964041, 172, 92.04337796, 172, 93.51587949, 172, 82.22729312, 172, 77.88834104
172.5, 86.06760004, 172.5, 85.38675429, 172.5, 79.74088548, 172.5, 92.00327091, 172.5, 93.49869076, 172.5, 82.13561988, 172.5, 77.85969315
173, 86.00457468, 173, 85.31226978, 173, 79.66640096, 173, 91.95170471, 173, 93.47004287, 173, 82.04394663, 173, 77.82531568
173.5, 85.95300848, 173.5, 85.23205569, 173.5, 79.58618687, 173.5, 91.90586809, 173.5, 93.42993582, 173.5, 81.9465438, 173.5, 77.77947906
174, 85.90717186, 174, 85.14038244, 174, 79.5002432, 174, 91.84857231, 174, 93.38982878, 174, 81.8434114, 174, 77.72218328
174.5, 85.86706481, 174.5, 85.03725004, 174.5, 79.40284038, 174.5, 91.79127653, 174.5, 93.33826257, 174.5, 81.73454942, 174.5, 77.65915792
175, 85.83841692, 175, 84.93411763, 175, 79.29970797, 175, 91.72825117, 175, 93.28096679, 175, 81.62568744, 175, 77.5846734
175.5, 85.81549861, 175.5, 84.81952608, 175.5, 79.19084599, 175.5, 91.65949623, 175.5, 93.21221186, 175.5, 81.5053663, 175.5, 77.50445931
176, 85.79830988, 176, 84.69920494, 176, 79.07625443, 176, 91.58501172, 176, 93.13772735, 176, 81.39077474, 176, 77.41278607
176.5, 85.7925803, 176.5, 84.56742465, 176.5, 78.95020372, 176.5, 91.50479763, 176.5, 93.05751325, 176.5, 81.26472403, 176.5, 77.30965366
177, 85.7925803, 177, 84.42991477, 177, 78.81269385, 177, 91.41885396, 177, 92.97156958, 177, 81.13294373, 177, 77.20079168
177.5, 85.7925803, 177.5, 84.2924049, 177.5, 78.6694544, 177.5, 91.32718071, 177.5, 92.87989634, 177.5, 81.00116344, 177.5, 77.08047055
178, 85.80403945, 178, 84.1377063, 178, 78.52048537, 178, 91.22977789, 178, 92.77676393, 178, 80.86938315, 178, 76.95441983
178.5, 85.82122819, 178.5, 83.98300769, 178.5, 78.36005719, 178.5, 91.12091591, 178.5, 92.66790195, 178.5, 80.7261437, 178.5, 76.81690996
179, 85.8441465, 179, 83.82257951, 179, 78.18816985, 179, 91.01205393, 179, 92.55331039, 179, 80.58290425, 179, 76.67367051
179.5, 85.86706481, 179.5, 83.65069217, 179.5, 78.01055293, 179.5, 90.89173279, 179.5, 92.42725968, 179.5, 80.43393522, 179.5, 76.51897191
180, 85.8957127, 180, 83.47880483, 180, 77.82720644, 180, 90.76568207, 180, 92.30120896, 180, 80.2849662, 180, 76.35854372
180.5, 85.93009017, 180.5, 83.29545834, 180.5, 77.63240079, 180.5, 90.63390178, 180.5, 92.16369909, 180.5, 80.12453801, 180.5, 76.18665638
181, 85.96446764, 181, 83.10638227, 181, 77.42613598, 181, 90.49066233, 181, 92.01473007, 181, 79.96410983, 181, 76.00903947
181.5, 86.00457468, 181.5, 82.9173062, 181.5, 77.2141416, 181.5, 90.34169331, 181.5, 91.86576104, 181.5, 79.79222249, 181.5, 75.8199634
182, 86.04468173, 182, 82.71677097, 182, 76.99068806, 182, 90.1869947, 182, 91.70533286, 182, 79.62033516, 182, 75.62515775
182.5, 86.08478877, 182.5, 82.51050616, 182.5, 76.76723452, 182.5, 90.02083694, 182.5, 91.53344552, 182.5, 79.43698866, 182.5, 75.41889294
183, 86.12489582, 183, 82.29851178, 183, 76.52659224, 183, 89.8489496, 183, 91.3558286, 183, 79.24791259, 183, 75.21262813
183.5, 86.16500287, 183.5, 82.08078781, 183.5, 76.28594997, 183.5, 89.67133268, 183.5, 91.16675253, 183.5, 79.04737736, 183.5, 74.98917459
184, 86.21083949, 184, 81.85733427, 184, 76.03384854, 184, 89.48225661, 184, 90.97194688, 184, 78.84111255, 184, 74.76572105
184.5, 86.25094654, 184.5, 81.62815116, 184.5, 75.77601753, 184.5, 89.28745096, 184.5, 90.77141165, 184.5, 78.62911817, 184.5, 74.53080836
185, 86.29105358, 185, 81.38750888, 185, 75.51245695, 185, 89.08691573, 185, 90.55368769, 185, 78.39993505, 185, 74.29016608
185.5, 86.33116063, 185.5, 81.14113703, 185.5, 75.24316678, 185.5, 88.88065093, 185.5, 90.33023415, 185.5, 78.16502236, 185.5, 74.04379423
186, 86.36553809, 186, 80.89476518, 186, 74.96814704, 186, 88.66292697, 186, 90.10105103, 186, 77.91292093, 186, 73.7916928
186.5, 86.39991556, 186.5, 80.63693417, 186.5, 74.68166814, 186.5, 88.445203, 186.5, 89.86040876, 186.5, 77.65508992, 186.5, 73.53959137
187, 86.42856345, 187, 80.37337359, 187, 74.39518925, 187, 88.21601989, 187, 89.60830733, 187, 77.38579975, 187, 73.27603079
187.5, 86.45148176, 187.5, 80.09835384, 187.5, 74.10298077, 187.5, 87.98110719, 187.5, 89.35047632, 187.5, 77.10505043, 187.5, 73.00674062
188, 86.4686705, 188, 79.8233341, 188, 73.80504272, 188, 87.73473534, 188, 89.08691573, 188, 76.81284196, 188, 72.73172088
188.5, 86.48012965, 188.5, 79.54258478, 188.5, 73.50137509, 188.5, 87.48836349, 188.5, 88.81189599, 188.5, 76.51490391, 188.5, 72.45670114
189, 86.48012965, 189, 79.25610588, 189, 73.19197788, 189, 87.23053248, 189, 88.52541709, 189, 76.2055067, 189, 72.17022224
189.5, 86.47440008, 189.5, 78.95816783, 189.5, 72.87685109, 189.5, 86.97270147, 189.5, 88.23320862, 189.5, 75.89037991, 189.5, 71.88374334
190, 86.45721134, 190, 78.66022978, 190, 72.55599472, 190, 86.70341131, 190, 87.92954099, 190, 75.56952354, 190, 71.59153487
190.5, 86.42856345, 190.5, 78.35656215, 190.5, 72.23513836, 190.5, 86.43412114, 190.5, 87.62014378, 190.5, 75.2429376, 190.5, 71.29359681
191, 86.38845641, 191, 78.04716494, 191, 71.90855242, 191, 86.15337182, 191, 87.29928741, 191, 74.9048925, 191, 70.98992918
191.5, 86.3368902, 191.5, 77.73203815, 191.5, 71.58196647, 191.5, 85.8726225, 191.5, 86.97270147, 191.5, 74.5668474, 191.5, 70.68053197
192, 86.26813527, 192, 77.41691136, 192, 71.24965095, 192, 85.58614361, 192, 86.64038595, 192, 74.21734315, 192, 70.36540519
192.5, 86.19365076, 192.5, 77.09032542, 192.5, 70.91733543, 192.5, 85.29393513, 192.5, 86.29661127, 192.5, 73.86210931, 192.5, 70.0502784
193, 86.10197751, 193, 76.76373948, 193, 70.57929033, 193, 84.99599708, 193, 85.94137744, 193, 73.49541633, 193, 69.72942203
193.5, 85.99884511, 193.5, 76.43142395, 193.5, 70.24124523, 193.5, 84.69805902, 193.5, 85.58614361, 193.5, 73.12299376, 193.5, 69.40856567
194, 85.87852397, 194, 76.09337886, 194, 69.89747055, 194, 84.39439139, 194, 85.21945062, 194, 72.74484161, 194, 69.08197973
194.5, 85.74674368, 194.5, 75.74960418, 194.5, 69.55369588, 194.5, 84.08499418, 194.5, 84.84702805, 194.5, 72.35523031, 194.5, 68.75539378
195, 85.60350423, 195, 75.40009992, 195, 69.2099212, 195, 83.77559697, 195, 84.4688759, 195, 71.95988943, 195, 68.42880784
195.5, 85.44880562, 195.5, 75.05059567, 195.5, 68.86041695, 195.5, 83.46047019, 195.5, 84.08499418, 195.5, 71.55881898, 195.5, 68.09649232
196, 85.28264786, 196, 74.70109141, 196, 68.51091269, 196, 83.1453434, 196, 83.69538288, 196, 71.15201894, 196, 67.7641768
196.5, 85.09930137, 196.5, 74.34585758, 196.5, 68.16140844, 196.5, 82.82448703, 196.5, 83.300042, 196.5, 70.73948933, 196.5, 67.43186128
197, 84.91022529, 197, 73.98489417, 197, 67.81190418, 197, 82.49790109, 197, 82.89897155, 197, 70.32123014, 197, 67.09954575
197.5, 84.70969007, 197.5, 73.62966034, 197.5, 67.45667035, 197.5, 82.17131515, 197.5, 82.49217151, 197.5, 69.89724137, 197.5, 66.76723023
198, 84.49769568, 198, 73.26869693, 198, 67.10143651, 198, 81.8447292, 198, 82.0796419, 198, 69.4732526, 198, 66.44064429
198.5, 84.27997172, 198.5, 72.90773351, 198.5, 66.74620268, 198.5, 81.51241368, 198.5, 81.66138271, 198.5, 69.04926384, 198.5, 66.10832877
199, 84.04505902, 199, 72.54104053, 199, 66.39096885, 199, 81.17436858, 199, 81.24312352, 199, 68.61954549, 199, 65.78174283
199.5, 83.80441675, 199.5, 72.18007711, 199.5, 66.03000544, 199.5, 80.83632348, 199.5, 80.81913475, 199.5, 68.19555672, 199.5, 65.45515688
200, 83.5580449, 200, 71.81338413, 200, 65.6747716, 200, 80.49827838, 200, 80.39514598, 200, 67.76583837, 200, 65.12857094
200.5, 83.30021389, 200.5, 71.45242072, 200.5, 65.31380819, 200.5, 80.15450371, 200.5, 79.96542764, 200.5, 67.34184961, 200.5, 64.80771457
201, 83.0366533, 201, 71.08572773, 201, 64.95284478, 201, 79.81072903, 201, 79.52997971, 201, 66.91213126, 201, 64.48685821
201.5, 82.76736314, 201.5, 70.71903474, 201.5, 64.58615179, 201.5, 79.46695435, 201.5, 79.09453179, 201.5, 66.48814249, 201.5, 64.16600184
202, 82.48661382, 202, 70.35234175, 202, 64.22518838, 202, 79.1174501, 202, 78.65908386, 202, 66.0698833, 202, 63.84514548
202.5, 82.20013492, 202.5, 69.98564876, 202.5, 63.86422497, 202.5, 78.76794584, 202.5, 78.21790636, 202.5, 65.65162411, 202.5, 63.53001869
203, 81.90792645, 203, 69.61895577, 203, 63.49753198, 203, 78.41271201, 203, 77.77099928, 203, 65.23336492, 203, 63.2148919
203.5, 81.60998839, 203.5, 69.2465332, 203.5, 63.13656857, 203.5, 78.05747818, 203.5, 77.32982178, 203.5, 64.82083531, 203.5, 62.89403554
204, 81.30632076, 204, 68.87984022, 204, 62.76987558, 204, 77.70224434, 204, 76.8829147, 204, 64.41403527, 204, 62.57890875
204.5, 80.99692355, 204.5, 68.51314723, 204.5, 62.40318259, 204.5, 77.34701051, 204.5, 76.43027804, 204.5, 64.00723524, 204.5, 62.26951154
205, 80.67606719, 205, 68.14645424, 205, 62.03648961, 205, 76.9860471, 205, 75.98337096, 205, 63.60616478, 205, 61.95438475
205.5, 80.35521082, 205.5, 67.78549083, 205.5, 61.66979662, 205.5, 76.62508369, 205.5, 75.5307343, 205.5, 63.19936475, 205.5, 61.63925797
206, 80.02862488, 206, 67.41879784, 206, 61.30883321, 206, 76.26412028, 206, 75.07809764, 206, 62.79829429, 206, 61.32986076
206.5, 79.69630936, 206.5, 67.0555426, 206.5, 60.94214022, 206.5, 75.89742729, 206.5, 74.62546098, 206.5, 62.39149426, 206.5, 61.01473397
207, 79.35826426, 207, 66.69343327, 207, 60.57544723, 207, 75.5307343, 207, 74.17282433, 207, 61.9904238, 207, 60.70533676
207.5, 79.01448958, 207.5, 66.33304282, 207.5, 60.20875424, 207.5, 75.16404131, 207.5, 73.72018767, 207.5, 61.57789419, 207.5, 60.39593955
208, 78.67071491, 208, 65.97379828, 208, 59.84206125, 208, 74.79734832, 208, 73.26755101, 208, 61.17109415, 208, 60.08081276
208.5, 78.32121065, 208.5, 65.61627261, 208.5, 59.47536826, 208.5, 74.42492576, 208.5, 72.81491435, 208.5, 60.75856454, 208.5, 59.77141555
209, 77.96597682, 209, 65.26046582, 209, 59.10867527, 209, 74.05250319, 209, 72.36227769, 209, 60.34718084, 209, 59.46201834
209.5, 77.61074298, 209.5, 64.90523199, 209.5, 58.74198228, 209.5, 73.68008062, 209.5, 71.90964104, 209.5, 59.93407827, 209.5, 59.14689156
210, 77.24977957, 210, 64.55171703, 210, 58.38101887, 210, 73.30765806, 210, 71.45700438, 210, 59.52040274, 210, 58.83749435
210.5, 76.88308658, 210.5, 64.19934799, 210.5, 58.01432588, 210.5, 72.93523549, 210.5, 71.00436772, 210.5, 59.10672722, 210.5, 58.52809714
211, 76.5163936, 211, 63.84812486, 211, 57.6476329, 211, 72.55708334, 211, 70.55173106, 211, 58.69305169, 211, 58.21869993
211.5, 76.14397103, 211.5, 63.49804765, 211.5, 57.28666948, 211.5, 72.18466078, 211.5, 70.0990944, 211.5, 58.2788032, 211.5, 57.91216751
212, 75.77154846, 212, 63.14911635, 212, 56.9199765, 212, 71.80650863, 212, 69.64645774, 212, 57.86455472, 212, 57.60391622
212.5, 75.39339632, 212.5, 62.80075801, 212.5, 56.55901308, 212.5, 71.42835649, 212.5, 69.19382109, 212.5, 57.45030623, 212.5, 57.29566492
213, 75.01524417, 213, 62.45354558, 213, 56.1923201, 213, 71.05020434, 213, 68.74691401, 213, 57.03605774, 213, 56.98798659
213.5, 74.63136245, 213.5, 62.10747908, 213.5, 55.83135668, 213.5, 70.66632262, 213.5, 68.29427735, 213.5, 56.62180926, 213.5, 56.68030825
214, 74.24748073, 214, 61.76255848, 214, 55.47039327, 214, 70.28817048, 214, 67.84164069, 214, 56.20813373, 214, 56.37320287
214.5, 73.85786943, 214.5, 61.41878381, 214.5, 55.10942986, 214.5, 69.91001833, 214.5, 67.39473361, 214.5, 55.79388524, 214.5, 56.06552454
215, 73.46252855, 215, 61.076728, 215, 54.74846645, 215, 69.52613661, 215, 66.94209695, 215, 55.38078267, 215, 55.75899211
215.5, 73.07291725, 215.5, 60.73639107, 215.5, 54.39323262, 215.5, 69.14798446, 215.5, 66.49518987, 215.5, 54.96825306, 215.5, 55.45245969
216, 72.67184679, 216, 60.39720006, 216, 54.03226921, 216, 68.76410274, 216, 66.04828279, 216, 54.55629641, 216, 55.14707319
216.5, 72.27650591, 216.5, 60.06030087, 216.5, 53.67703537, 216.5, 68.38022102, 216.5, 65.60137571, 216.5, 54.14491271, 216.5, 54.84168668
217, 71.87543546, 217, 59.72512056, 217, 53.31607196, 217, 67.99633929, 217, 65.15446863, 217, 53.73410197, 217, 54.5374461
217.5, 71.46863542, 217.5, 59.39108617, 217.5, 52.96083813, 217.5, 67.61818715, 217.5, 64.70756155, 217.5, 53.32443715, 217.5, 54.23435142
218, 71.06756496, 218, 59.05934361, 218, 52.6056043, 218, 67.23430543, 218, 64.26008151, 218, 52.91534528, 218, 53.93125675
218.5, 70.66076493, 218.5, 58.72874696, 218.5, 52.25610004, 218.5, 66.8504237, 218.5, 63.81546626, 218.5, 52.50682637, 218.5, 53.62988095
219, 70.2539649, 219, 58.39929623, 219, 51.90086621, 219, 66.46654198, 219, 63.37142397, 219, 52.09945338, 219, 53.32907811
219.5, 69.84143528, 219.5, 58.07156437, 219.5, 51.54964308, 219.5, 66.08380617, 219.5, 62.92910055, 219.5, 51.69265335, 219.5, 53.02942118
220, 69.43463525, 220, 57.74497842, 220, 51.19956587, 220, 65.70049741, 220, 62.48735009, 220, 51.28642627, 220, 52.73091017
220.5, 69.02210564, 220.5, 57.4195384, 220.5, 50.85063457, 220.5, 65.31833456, 220.5, 62.04617259, 220.5, 50.88077215, 220.5, 52.43411803
221, 68.60957602, 221, 57.09581724, 221, 50.50342215, 221, 64.93617171, 221, 61.60671396, 221, 50.47626395, 221, 52.13789885
221.5, 68.19131683, 221.5, 56.773242, 221.5, 50.1579286, 221.5, 64.55458182, 221.5, 61.16782829, 221.5, 50.0723287, 221.5, 51.84339854
222, 67.77878722, 222, 56.45238564, 222, 49.81358096, 222, 64.17299193, 222, 60.72951558, 222, 49.66953937, 222, 51.55061711
222.5, 67.36052803, 222.5, 56.13324815, 222.5, 49.4709522, 222.5, 63.79254795, 222.5, 60.29292174, 222.5, 49.26789596, 222.5, 51.25955455
223, 66.94226884, 223, 55.81582953, 223, 49.13004231, 223, 63.41210398, 223, 59.85690086, 223, 48.8668255, 223, 50.96963791
223.5, 66.51828007, 223.5, 55.50012978, 223.5, 48.79027834, 223.5, 63.03223296, 223.5, 59.42145293, 223.5, 48.46690096, 223.5, 50.68144013
224, 66.10002088, 224, 55.18614891, 224, 48.4528062, 224, 62.65350786, 224, 58.98715092, 224, 48.06754938, 224, 50.39553419
224.5, 65.68176169, 224.5, 54.87388691, 224.5, 48.11647997, 224.5, 62.27478275, 224.5, 58.55342187, 224.5, 47.66991667, 224.5, 50.11077417
225, 65.25777292, 225, 54.56391675, 225, 47.78129966, 225, 61.89720357, 225, 58.12026578, 225, 47.27285692, 225, 49.82773302
225.5, 64.83378415, 225.5, 54.25566545, 225.5, 47.44841118, 225.5, 61.52019734, 225.5, 57.68882856, 225.5, 46.87751604, 225.5, 49.54641074
226, 64.40979538, 226, 53.94913303, 226, 47.11666862, 226, 61.14433702, 226, 57.2579643, 226, 46.48274812, 226, 49.2673803
226.5, 63.98580662, 226.5, 53.64431948, 226.5, 46.78664493, 226.5, 60.76904967, 226.5, 56.82824595, 226.5, 46.08855315, 226.5, 48.98892281
227, 63.56181785, 227, 53.34179777, 227, 46.45834011, 227, 60.39490823, 227, 56.39967352, 227, 45.69550411, 227, 48.71275715
227.5, 63.1320995, 227.5, 53.04099493, 227.5, 46.13175417, 227.5, 60.0219127, 227.5, 55.97224701, 227.5, 45.30360097, 227.5, 48.43831037
228, 62.70811073, 228, 52.741338, 228, 45.8068871, 228, 59.64949014, 228, 55.54596641, 228, 44.9122708, 228, 48.16558246
228.5, 62.27839239, 228.5, 52.44454586, 228.5, 45.4837389, 228.5, 59.27821348, 228.5, 55.12140468, 228.5, 44.52208654, 228.5, 47.89400046
229, 61.85440362, 229, 52.14889964, 229, 45.16173662, 229, 58.90865571, 229, 54.69798887, 229, 44.13247524, 229, 47.6247103
229.5, 61.42468527, 229.5, 51.85497229, 229.5, 44.84202617, 229.5, 58.53967089, 229.5, 54.27571897, 229.5, 43.7434369, 229.5, 47.35713901
230, 60.99496693, 230, 51.56276382, 230, 44.5240346, 230, 58.17183198, 230, 53.85516795, 230, 43.35554447, 230, 47.09185955
230.5, 60.57097816, 230.5, 51.27227421, 230.5, 44.20776189, 230.5, 57.80571195, 230.5, 53.43576285, 230.5, 42.968225, 230.5, 46.82829896
231, 60.14125981, 231, 50.98350348, 231, 43.89320807, 231, 57.44073784, 231, 53.01807661, 231, 42.58147849, 231, 46.56703021
231.5, 59.71154146, 231.5, 50.69645163, 231.5, 43.58037311, 231.5, 57.07748259, 231.5, 52.60210926, 231.5, 42.19587789, 231.5, 46.30748033
232, 59.28182312, 232, 50.41111865, 232, 43.26925703, 232, 56.71537327, 232, 52.18728781, 232, 41.81142321, 232, 46.05079523
232.5, 58.85210477, 232.5, 50.12750454, 232.5, 42.95985982, 232.5, 56.35440986, 232.5, 51.77361228, 232.5, 41.42754149, 232.5, 45.79582902
233, 58.42238643, 233, 49.84503635, 233, 42.65218148, 233, 55.99516532, 233, 51.36165563, 233, 41.04423272, 233, 45.54372759
233.5, 57.99266808, 233.5, 49.56485998, 233.5, 42.34679498, 233.5, 55.63763965, 233.5, 50.95141785, 233.5, 40.66206988, 233.5, 45.29334503
234, 57.56180382, 234, 49.28582954, 234, 42.04255439, 234, 55.28125991, 234, 50.54232598, 234, 40.28105294, 234, 45.0452543
234.5, 57.13208547, 234.5, 49.00851796, 234.5, 41.74060563, 234.5, 54.92659903, 234.5, 50.13438003, 234.5, 39.90118192, 234.5, 44.80002837
235, 56.70236712, 235, 48.73235231, 235, 41.43980279, 235, 54.57365703, 235, 49.72872591, 235, 39.52188386, 235, 44.5565213
235.5, 56.27264878, 235.5, 48.45790552, 235.5, 41.14071882, 235.5, 54.22300686, 235.5, 49.32364475, 235.5, 39.14430468, 235.5, 44.31530607
236, 55.84293043, 236, 48.18517761, 236, 40.84278076, 236, 53.87464852, 236, 48.92085542, 236, 38.76729845, 236, 44.07638267
236.5, 55.41378504, 236.5, 47.91416858, 236.5, 40.54656158, 236.5, 53.52858201, 236.5, 48.51921201, 236.5, 38.39201109, 236.5, 43.8397511
237, 54.98521261, 237, 47.64487841, 237, 40.25148832, 237, 53.18480733, 237, 48.11928747, 237, 38.01786965, 237, 43.60541136
237.5, 54.5577861, 237.5, 47.37673416, 237.5, 39.95813393, 237.5, 52.84332449, 237.5, 47.7210818, 237.5, 37.64544708, 237.5, 43.37336346
238, 54.13093254, 238, 47.11030879, 238, 39.66649841, 238, 52.50470643, 238, 47.324595, 238, 37.27359747, 238, 43.14360738
238.5, 53.70465194, 238.5, 46.84560229, 238.5, 39.37600881, 238.5, 52.16895316, 238.5, 46.92982708, 238.5, 36.90346674, 238.5, 42.91614314
239, 53.27951726, 239, 46.58261466, 239, 39.08723808, 239, 51.83549173, 239, 46.53735099, 239, 36.53448192, 239, 42.69154368
239.5, 52.85495553, 239.5, 46.32077295, 239.5, 38.79961327, 239.5, 51.50489508, 239.5, 46.14602082, 239.5, 36.16607006, 239.5, 42.4686631
240, 52.43211268, 240, 46.06065011, 240, 38.51313437, 240, 51.17716322, 240, 45.75698248, 240, 35.79880411, 240, 42.24864731
240.5, 52.00984278, 240.5, 45.80167318, 240.5, 38.22780139, 240.5, 50.85229615, 240.5, 45.36966301, 240.5, 35.43268408, 240.5, 42.03035039
241, 51.5887188, 241, 45.54441513, 241, 37.94418728, 241, 50.53029387, 241, 44.98406241, 241, 35.06713701, 241, 41.8143453
241.5, 51.1693137, 241.5, 45.28887596, 241.5, 37.66171909, 241.5, 50.21172933, 241.5, 44.60018069, 241.5, 34.70216289, 241.5, 41.60063204
242, 50.75048155, 242, 45.0344827, 242, 37.38039681, 242, 49.89545663, 242, 44.21801784, 242, 34.33833469, 242, 41.38921061
242.5, 50.33336827, 242.5, 44.78180831, 242.5, 37.10022045, 242.5, 49.58262168, 242.5, 43.83757386, 242.5, 33.97507945, 242.5, 41.17950806
243, 49.91740091, 243, 44.53027984, 243, 36.82176296, 243, 49.27265151, 243, 43.45884876, 243, 33.61239716, 243, 40.97152438
243.5, 49.50257947, 243.5, 44.28047024, 243.5, 36.54387843, 243.5, 48.96554613, 243.5, 43.08184253, 243.5, 33.2508608, 243.5, 40.76583253
244, 49.09004986, 244, 44.03237951, 244, 36.26771277, 244, 48.66130554, 244, 42.70712813, 244, 32.88989738, 244, 40.56185956
244.5, 48.67866616, 244.5, 43.7854347, 244.5, 35.99269303, 244.5, 48.3605027, 244.5, 42.33355965, 244.5, 32.52950693, 244.5, 40.3590325
245, 48.26900134, 245, 43.54020877, 245, 35.71939216, 245, 48.06256464, 245, 41.96171004, 245, 32.16968944, 245, 40.15849727
245.5, 47.86105539, 245.5, 43.29612875, 245.5, 35.44666425, 245.5, 47.76749138, 245.5, 41.59157931, 245.5, 31.81101786, 245.5, 39.95910796
246, 47.45540127, 246, 43.0537676, 246, 35.17565521, 246, 47.47585586, 246, 41.22259449, 246, 31.45291923, 246, 39.76086456
246.5, 47.05146602, 246.5, 42.81312533, 246.5, 34.90579209, 246.5, 47.18765809, 246.5, 40.8559015, 246.5, 31.09539357, 246.5, 39.56434004
247, 46.64924965, 247, 42.57420192, 247, 34.63650193, 247, 46.90232511, 247, 40.49092738, 247, 30.73901382, 247, 39.36953439
247.5, 46.24932511, 247.5, 42.33642444, 247.5, 34.36893064, 247.5, 46.62042987, 247.5, 40.12767214, 247.5, 30.38377999, 247.5, 39.17530169
248, 45.8516924, 248, 42.10036583, 248, 34.10250526, 248, 46.34197239, 248, 39.76613577, 248, 30.02969207, 248, 38.98278787
248.5, 45.45577856, 248.5, 41.86602609, 248.5, 33.8372258, 248.5, 46.06637969, 248.5, 39.40631828, 248.5, 29.67617711, 248.5, 38.79141997
249, 45.06272952, 249, 41.63283227, 249, 33.57309226, 249, 45.79365178, 249, 39.04821965, 249, 29.32438103, 249, 38.60062502
249.5, 44.67139934, 249.5, 41.40135732, 249.5, 33.31010463, 249.5, 45.52493457, 249.5, 38.69183991, 249.5, 28.97373085, 249.5, 38.41154895
250, 44.282361, 250, 41.1721742, 250, 33.04883588, 250, 45.25908215, 250, 38.33717903, 250, 28.6242266, 250, 38.22304584
250.5, 43.89618745, 250.5, 40.944137, 250.5, 32.78871304, 250.5, 44.99666748, 250.5, 37.98423703, 250.5, 28.27586826, 250.5, 38.03511568
251, 43.51230572, 251, 40.71724571, 251, 32.53030907, 251, 44.73769056, 251, 37.6330139, 251, 27.92865584, 251, 37.84833144
251.5, 43.13071583, 251.5, 40.49264626, 251.5, 32.27305102, 251.5, 44.48157842, 251.5, 37.2840826, 251.5, 27.58258933, 251.5, 37.66212016
252, 42.75141777, 252, 40.26976567, 252, 32.01693889, 252, 44.22890404, 252, 36.93629722, 252, 27.23766874, 252, 37.47590887
252.5, 42.37441154, 252.5, 40.04860396, 252.5, 31.76254563, 252.5, 43.97909444, 252.5, 36.59080367, 252.5, 26.8933211, 252.5, 37.2908435
253, 42.0002701, 253, 39.82858817, 253, 31.50929828, 253, 43.73272259, 253, 36.24645604, 253, 26.55011938, 253, 37.10635109
253.5, 41.62842049, 253.5, 39.61086421, 253.5, 31.25719685, 253.5, 43.48921552, 253.5, 35.90440023, 253.5, 26.20806358, 253.5, 36.92185868
254, 41.25943567, 254, 39.39485912, 254, 31.00566838, 254, 43.24914621, 254, 35.56349034, 254, 25.86658073, 254, 36.73793923
254.5, 40.89274268, 254.5, 39.17999995, 254.5, 30.75585878, 254.5, 43.01194168, 254.5, 35.22487229, 254.5, 25.5262438, 254.5, 36.55459274
255, 40.52891448, 255, 38.9674326, 255, 30.50662214, 255, 42.77760194, 255, 34.88740015, 255, 25.18647983, 255, 36.3718192
255.5, 40.16795107, 255.5, 38.75601118, 255.5, 30.25853141, 255.5, 42.54612699, 255.5, 34.55107392, 255.5, 24.84786177, 255.5, 36.18904566
256, 39.80927949, 256, 38.54688158, 256, 30.0115866, 256, 42.31751683, 256, 34.21703953, 256, 24.50981667, 256, 36.00684509
256.5, 39.45404566, 256.5, 38.3388979, 256.5, 29.76521475, 256.5, 42.09177146, 256.5, 33.88357809, 256.5, 24.17291749, 256.5, 35.82521746
257, 39.1005307, 257, 38.1326331, 257, 29.51998882, 257, 41.86889088, 257, 33.55183553, 257, 23.83659126, 257, 35.64358984
257.5, 38.75045349, 257.5, 37.92808716, 257.5, 29.2759088, 257.5, 41.64887509, 257.5, 33.22181184, 257.5, 23.500838, 257.5, 35.46253518
258, 38.40266811, 258, 37.7252601, 258, 29.03240173, 258, 41.43115112, 258, 32.8923611, 258, 23.16565769, 258, 35.28205347
258.5, 38.05774751, 258.5, 37.52357896, 258.5, 28.79004059, 258.5, 41.21686491, 258.5, 32.56405629, 258.5, 22.83162329, 258.5, 35.10214473
259, 37.71569171, 259, 37.32418965, 259, 28.54882535, 259, 41.00429757, 259, 32.23689739, 259, 22.49816185, 259, 34.92223598
259.5, 37.37650069, 259.5, 37.12594625, 259.5, 28.309329, 259.5, 40.79459501, 259.5, 31.9108844, 259.5, 22.16584633, 259.5, 34.74347315
260, 37.03960151, 260, 36.92884877, 260, 28.07040559, 260, 40.58775725, 260, 31.58601733, 260, 21.83410377, 260, 34.56471032
260.5, 36.70614007, 260.5, 36.73404312, 260.5, 27.83320107, 260.5, 40.38378427, 260.5, 31.26172322, 260.5, 21.50350712, 260.5, 34.38652044
261, 36.37497047, 261, 36.54038338, 261, 27.59714246, 261, 40.18210313, 261, 30.93800206, 261, 21.17462935, 261, 34.20947648
261.5, 36.04666565, 261.5, 36.34844252, 261.5, 27.36280272, 261.5, 39.98328678, 261.5, 30.61542683, 261.5, 20.84689749, 261.5, 34.03300548
262, 35.72122562, 262, 36.15879349, 262, 27.13018185, 262, 39.78676225, 262, 30.29342454, 262, 20.52031155, 262, 33.85710744
262.5, 35.39807743, 262.5, 35.97029038, 262.5, 26.8987069, 262.5, 39.59310252, 262.5, 29.97256818, 262.5, 20.19601743, 262.5, 33.68292827
263, 35.07836698, 263, 35.78350614, 263, 26.66837787, 263, 39.40173461, 263, 29.65228477, 263, 19.87401515, 263, 33.50932206
263.5, 34.76094836, 263.5, 35.59901373, 263.5, 26.43976771, 263.5, 39.2132315, 263.5, 29.33257432, 263.5, 19.5543047, 263.5, 33.3362888
264, 34.44639453, 264, 35.41624019, 264, 26.21287642, 264, 39.02759317, 264, 29.01343683, 264, 19.23688608, 264, 33.16497442
264.5, 34.13527845, 264.5, 35.23518553, 264.5, 25.98713105, 264.5, 38.84424668, 264.5, 28.6948723, 264.5, 18.92233225, 264.5, 32.994233
265, 33.8264542, 265, 35.05584974, 265, 25.76310455, 265, 38.66433793, 265, 28.37688072, 265, 18.61007026, 265, 32.82521045
265.5, 33.52049473, 265.5, 34.87823282, 265.5, 25.54079693, 265.5, 38.48614806, 265.5, 28.0594621, 265.5, 18.30067305, 265.5, 32.65733382
266, 33.21797302, 266, 34.70233478, 266, 25.31963522, 266, 38.31139593, 266, 27.74204348, 266, 17.99356767, 266, 32.4906031
266.5, 32.91774313, 266.5, 34.52872857, 266.5, 25.10076534, 266.5, 38.13893563, 266.5, 27.42519782, 266.5, 17.68875412, 266.5, 32.32559125
267, 32.620951, 267, 34.35684123, 267, 24.88361434, 267, 37.96934013, 267, 27.10892512, 267, 17.38623241, 267, 32.16172532
267.5, 32.32702365, 267.5, 34.18667276, 267.5, 24.66760925, 267.5, 37.80203645, 267.5, 26.79265242, 267.5, 17.08600252, 267.5, 31.99957827
268, 32.03538813, 268, 34.01879613, 268, 24.45389599, 268, 37.63759756, 268, 26.47637971, 268, 16.78749151, 268, 31.83915008
268.5, 31.74719036, 268.5, 33.85321133, 268.5, 24.24247457, 268.5, 37.47602346, 268.5, 26.16067997, 268.5, 16.49127233, 268.5, 31.68044077
269, 31.46128442, 269, 33.6893454, 269, 24.03219905, 269, 37.3167412, 269, 25.84498022, 269, 16.19562611, 269, 31.52345034
269.5, 31.17881622, 269.5, 33.52719834, 269.5, 23.82421538, 269.5, 37.16032372, 269.5, 25.52928048, 269.5, 15.90227172, 269.5, 31.36875173
270, 30.89863986, 270, 33.36734312, 270, 23.61795057, 270, 37.00619807, 270, 25.21358073, 270, 15.61006324, 270, 31.21634496
270.5, 30.62190125, 270.5, 33.20920676, 270.5, 23.41340464, 270.5, 36.85436426, 270.5, 24.89788099, 270.5, 15.31957364, 270.5, 31.06623002
271, 30.34745446, 271, 33.05278929, 271, 23.21057758, 271, 36.70539523, 271, 24.5827542, 271, 15.03022995, 271, 30.91840691
271.5, 30.07644543, 271.5, 32.89751772, 271.5, 23.01004235, 271.5, 36.55871803, 271.5, 24.26705445, 271.5, 14.7431781, 271.5, 30.77287563
272, 29.80772822, 272, 32.74511095, 272, 22.81122599, 272, 36.41433267, 272, 23.95192767, 272, 14.45727216, 272, 30.63020914
272.5, 29.54244876, 272.5, 32.59385009, 272.5, 22.61412851, 272.5, 36.27281209, 272.5, 23.63680088, 272.5, 14.17308509, 272.5, 30.49040743
273, 29.28060705, 273, 32.44488106, 273, 22.41932286, 273, 36.13358335, 273, 23.32167409, 273, 13.89118986, 273, 30.35347052
273.5, 29.02105717, 273.5, 32.29763091, 273.5, 22.22680904, 273.5, 35.99664644, 273.5, 23.00712026, 273.5, 13.61101349, 273.5, 30.2193984
274, 28.76494503, 274, 32.15324555, 274, 22.03658705, 274, 35.86200136, 274, 22.69256643, 274, 13.33312896, 274, 30.08876402
274.5, 28.51169769, 274.5, 32.01057906, 274.5, 21.84808394, 274.5, 35.73022106, 274.5, 22.37858556, 274.5, 13.05753626, 274.5, 29.96099443
275, 28.26188809, 275, 31.8702044, 275, 21.66244561, 275, 35.6007326, 275, 22.06403173, 275, 12.7842354, 275, 29.83723555
275.5, 28.01551624, 275.5, 31.73269453, 275.5, 21.47909912, 275.5, 35.47410893, 275.5, 21.75062382, 275.5, 12.51379932, 275.5, 29.71691441
276, 27.77143622, 276, 31.59690353, 276, 21.29804446, 276, 35.34977709, 276, 21.4372159, 276, 12.24565507, 276, 29.60060398
276.5, 27.5313669, 276.5, 31.46455028, 276.5, 21.11985458, 276.5, 35.22773708, 276.5, 21.12380799, 276.5, 11.98037561, 276.5, 29.48773129
277, 27.29416237, 277, 31.3339159, 277, 20.9445295, 277, 35.1079889, 277, 20.81097303, 277, 11.71796094, 277, 29.37886931
277.5, 27.05982264, 277.5, 31.20671927, 277.5, 20.77149624, 277.5, 34.99167846, 277.5, 20.49871104, 277.5, 11.45841106, 277.5, 29.27344508
278, 26.82892064, 278, 31.08124151, 278, 20.60132778, 278, 34.87708691, 278, 20.18644904, 278, 11.20172597, 278, 29.17145859
278.5, 26.60088344, 278.5, 30.95862854, 278.5, 20.4340241, 278.5, 34.76536014, 278.5, 19.87476, 278.5, 10.94790566, 278.5, 29.07348281
279, 26.37628399, 279, 30.83830741, 279, 20.26958521, 279, 34.65649815, 279, 19.56307096, 279, 10.69752311, 279, 28.97894477
279.5, 26.15454932, 279.5, 30.72085106, 279.5, 20.10858407, 279.5, 34.54935505, 279.5, 19.25195487, 279.5, 10.44943238, 279.5, 28.88841744
280, 25.93567944, 280, 30.60568654, 280, 19.94987476, 280, 34.44564969, 280, 18.94141175, 280, 10.20420644, 280, 28.8007549
280.5, 25.72024731, 280.5, 30.49281386, 280.5, 19.7946032, 280.5, 34.3436632, 280.5, 18.63144158, 280.5, 9.961845297, 280.5, 28.7165301
281, 25.50767997, 281, 30.382233, 281, 19.64162347, 281, 34.2445415, 281, 18.32147141, 281, 9.72177598, 281, 28.63517009
281.5, 25.29855037, 281.5, 30.27394398, 281.5, 19.49150853, 281.5, 34.14771163, 281.5, 18.01207421, 281.5, 9.483998495, 281.5, 28.55724783
282, 25.09171261, 282, 30.16794679, 282, 19.34483133, 282, 34.0531736, 282, 17.702677, 282, 9.247939884, 282, 28.48219036
282.5, 24.88773963, 282.5, 30.06366847, 282.5, 19.20044597, 282.5, 33.96092739, 282.5, 17.39385274, 282.5, 9.014173103, 282.5, 28.40999768
283, 24.68720441, 283, 29.96168198, 283, 19.05835244, 283, 33.87097302, 283, 17.08560145, 283, 8.782297084, 283, 28.34066979
283.5, 24.48953397, 283.5, 29.86198732, 283.5, 18.91912369, 283.5, 33.78331047, 283.5, 16.77735016, 283.5, 8.552082642, 283.5, 28.27363372
284, 24.29415536, 284, 29.7645845, 284, 18.78275974, 284, 33.69793976, 284, 16.47024478, 284, 8.323415186, 284, 28.20946245
284.5, 24.10164154, 284.5, 29.66832759, 284.5, 18.64868761, 284.5, 33.61486088, 284.5, 16.16256644, 284.5, 8.096294716, 284.5, 28.14758301
285, 23.91256547, 285, 29.57493547, 285, 18.51690732, 285, 33.53350088, 285, 15.85603402, 285, 7.870721232, 285, 28.0879954
285.5, 23.72578123, 285.5, 29.48326222, 285.5, 18.38799181, 285.5, 33.45500566, 285.5, 15.5495016, 285.5, 7.64675203, 285.5, 28.03069962
286, 23.54186177, 286, 29.39330785, 286, 18.26136814, 286, 33.37822931, 286, 15.24354214, 286, 7.424501701, 286, 27.97569567
286.5, 23.36023415, 286.5, 29.30564531, 286.5, 18.1370363, 286.5, 33.30431776, 286.5, 14.93758268, 286.5, 7.203970246, 286.5, 27.92298355
287, 23.18204428, 287, 29.22027459, 287, 18.01556925, 287, 33.23212508, 287, 14.63276913, 287, 6.985329551, 287, 27.87313623
287.5, 23.00614624, 287.5, 29.13662276, 287.5, 17.89639403, 287.5, 33.16279718, 287.5, 14.32852854, 287.5, 6.768636913, 287.5, 27.82500777
288, 22.83311298, 288, 29.05468979, 288, 17.77951064, 288, 33.09518816, 288, 14.02486091, 288, 6.553949627, 288, 27.77917115
288.5, 22.66237156, 288.5, 28.9744757, 288.5, 17.66549204, 288.5, 33.03044393, 288.5, 13.72233919, 288.5, 6.341439581, 288.5, 27.73619931
289, 22.49506788, 289, 28.89655344, 289, 17.55376527, 289, 32.96799153, 289, 13.42039044, 289, 6.131221366, 289, 27.69551931
289.5, 22.32948308, 289.5, 28.8197771, 289.5, 17.44433033, 289.5, 32.90840392, 289.5, 13.11901464, 289.5, 5.923237686, 289.5, 27.65713114
290, 22.16733602, 290, 28.74529258, 290, 17.33776018, 290, 32.85110814, 290, 12.81901393, 290, 5.717603133, 290, 27.6210348
290.5, 22.0074808, 290.5, 28.67138103, 290.5, 17.23348186, 290.5, 32.79610419, 290.5, 12.51987267, 290.5, 5.514375003, 290.5, 27.58723029
291, 21.8499174, 291, 28.5997613, 291, 17.13206833, 291, 32.74396503, 291, 12.22182002, 291, 5.313381409, 291, 27.55629057
291.5, 21.6952188, 291.5, 28.52928749, 291.5, 17.03294663, 291.5, 32.69469066, 291.5, 11.92491329, 291.5, 5.114679646, 291.5, 27.52706972
292, 21.54338498, 292, 28.46053256, 292, 16.93611676, 292, 32.64770812, 292, 11.62915248, 292, 4.918097826, 292, 27.50071366
292.5, 21.39327004, 292.5, 28.39235058, 292.5, 16.84215168, 292.5, 32.60359037, 292.5, 11.33465217, 292.5, 4.723521359, 292.5, 27.47607647
293, 21.24659285, 293, 28.32588748, 293, 16.75047844, 293, 32.56233741, 293, 11.04129778, 293, 4.530892948, 293, 27.45373112
293.5, 21.10163452, 293.5, 28.26057029, 293.5, 16.66109702, 293.5, 32.52394924, 293.5, 10.74926119, 293.5, 4.340040707, 293.5, 27.4336776
294, 20.95954099, 294, 28.19582606, 294, 16.57400744, 294, 32.4878529, 294, 10.45848511, 294, 4.150964634, 294, 27.41534295
294.5, 20.81973929, 294.5, 28.13222774, 294.5, 16.48920968, 294.5, 32.45462135, 294.5, 10.16896954, 294.5, 3.963607435, 294.5, 27.39872717
295, 20.68222942, 295, 28.06977534, 295, 16.40670376, 295, 32.42368163, 295, 9.880829064, 295, 3.778026405, 295, 27.38383027
295.5, 20.54701138, 295.5, 28.00732294, 295.5, 16.32591671, 295.5, 32.39560669, 295.5, 9.594063688, 295.5, 3.594336136, 295.5, 27.37065224
296, 20.41408517, 296, 27.94658942, 296, 16.24799445, 296, 32.36982359, 296, 9.308730706, 296, 3.412479332, 296, 27.35919308
296.5, 20.28345079, 296.5, 27.88642885, 296.5, 16.17236402, 296.5, 32.34690528, 296.5, 9.02494471, 296.5, 3.232570584, 296.5, 27.34887984
297, 20.15510825, 297, 27.82684124, 297, 16.09845247, 297, 32.32685176, 297, 8.7427057, 297, 3.054609893, 297, 27.34028548
297.5, 20.02905753, 297.5, 27.7689725, 297.5, 16.02683274, 297.5, 32.30851711, 297.5, 8.462013676, 297.5, 2.878654554, 297.5, 27.33283703
298, 19.90529865, 298, 27.71167672, 298, 15.95807781, 298, 32.29362021, 298, 8.182925934, 298, 2.704761863, 298, 27.32710745
298.5, 19.78440455, 298.5, 27.65609981, 298.5, 15.89104174, 298.5, 32.28101514, 298.5, 7.905557066, 298.5, 2.532817229, 298.5, 27.32309674
299, 19.66522933, 299, 27.60109586, 299, 15.82572456, 299, 32.2707019, 299, 7.62990707, 299, 2.362877947, 299, 27.32023195
