PID 1635,,PID 1636,,PID 1637,,PID 1638,,PID 1639,,PID 1641,,PID 1644,
0,0,0,0,0,0,0,0,0,0,0,0,0,0
0.5,-0.055638,0.5,0.014334,0.5,0.008211,0.5,-0.034404,0.5,-0.048419,0.5,0.041123,0.5,0.060884
1,-0.043005,1,0.004699,1,0.002946,1,-0.029363,1,-0.045731,1,0.030947,1,0.059587
1.5,-0.071015,1.5,0.016617,1.5,0.011977,1.5,-0.036114,1.5,-0.055406,1.5,0.045039,1.5,0.071893
2,-0.055309,2,-0.002964,2,0.013514,2,-0.046839,2,-0.052946,2,0.040116,2,0.064736
2.5,-0.043899,2.5,0.015134,2.5,0.010624,2.5,-0.030593,2.5,-0.052004,2.5,0.041665,2.5,0.0707
3,-0.049692,3,0.000433,3,0.002009,3,-0.041475,3,-0.060028,3,0.036654,3,0.070046
3.5,-0.058339,3.5,0.005529,3.5,-0.004157,3.5,-0.018941,3.5,-0.058481,3.5,0.046403,3.5,0.07922
4,-0.061287,4,-0.000022,4,0.000073,4,-0.030723,4,-0.061502,4,0.040549,4,0.078391
4.5,-0.053781,4.5,-0.006553,4.5,0.008831,4.5,-0.021112,4.5,-0.056803,4.5,0.038888,4.5,0.078068
5,-0.059062,5,0.013676,5,0.009992,5,-0.022952,5,-0.066885,5,0.034569,5,0.076352
5.5,-0.05735,5.5,-0.00122,5.5,0.005445,5.5,-0.031647,5.5,-0.072543,5.5,0.032892,5.5,0.083227
6,-0.052286,6,0.002634,6,0.012334,6,-0.031451,6,-0.074706,6,0.040842,6,0.082853
6.5,-0.058912,6.5,0.008651,6.5,0.00634,6.5,-0.030603,6.5,-0.061664,6.5,0.031033,6.5,0.079661
7,-0.055484,7,0.013698,7,0.008482,7,-0.03036,7,-0.078208,7,0.040241,7,0.077307
7.5,-0.057264,7.5,0.005795,7.5,0.009733,7.5,-0.038131,7.5,-0.06896,7.5,0.041311,7.5,0.076773
8,-0.054271,8,0.003442,8,0.005922,8,-0.021133,8,-0.073962,8,0.03603,8,0.080695
8.5,-0.06715,8.5,0.005012,8.5,0.003497,8.5,-0.033796,8.5,-0.074397,8.5,0.037152,8.5,0.076851
9,-0.063017,9,0.008052,9,-0.00169,9,-0.031062,9,-0.0776,9,0.043469,9,0.079709
9.5,-0.064418,9.5,0.003814,9.5,0.003933,9.5,-0.031862,9.5,-0.079665,9.5,0.037332,9.5,0.081097
10,-0.065625,10,0.003506,10,0.001166,10,-0.023932,10,-0.07153,10,0.030248,10,0.078677
10.5,-0.067883,10.5,0.002767,10.5,0.001711,10.5,-0.024062,10.5,-0.075077,10.5,0.031629,10.5,0.077802
11,-0.067837,11,0.004695,11,-0.006893,11,-0.028574,11,-0.077802,11,0.037062,11,0.07931
11.5,-0.060807,11.5,0.013702,11.5,0.009445,11.5,-0.031934,11.5,-0.072878,11.5,0.034161,11.5,0.070517
12,-0.079995,12,-0.003043,12,-0.008114,12,-0.030995,12,-0.069807,12,0.023511,12,0.065569
12.5,-0.055917,12.5,0.0072,12.5,-0.008543,12.5,-0.034521,12.5,-0.081914,12.5,0.031951,12.5,0.059131
13,-0.071783,13,-0.000908,13,0.00264,13,-0.039294,13,-0.077337,13,0.027099,13,0.071144
13.5,-0.054286,13.5,-0.003194,13.5,-0.012883,13.5,-0.034927,13.5,-0.079129,13.5,0.034604,13.5,0.058546
14,-0.071823,14,0.001218,14,-0.020536,14,-0.030615,14,-0.080753,14,0.030474,14,0.045144
14.5,-0.068546,14.5,0.002303,14.5,-0.015212,14.5,-0.039046,14.5,-0.08302,14.5,0.028389,14.5,0.053807
15,-0.070652,15,-0.006599,15,-0.012136,15,-0.029332,15,-0.086867,15,0.025758,15,0.045875
15.5,-0.069922,15.5,-0.011396,15.5,-0.013084,15.5,-0.019053,15.5,-0.084893,15.5,0.021823,15.5,0.044723
16,-0.067834,16,0.002275,16,-0.013313,16,-0.019406,16,-0.086827,16,0.028968,16,0.036115
16.5,-0.087351,16.5,-0.016032,16.5,-0.006601,16.5,-0.027576,16.5,-0.080659,16.5,0.025204,16.5,0.037858
17,-0.070307,17,-0.022227,17,-0.011793,17,-0.023176,17,-0.084123,17,0.024023,17,0.029148
17.5,-0.072556,17.5,-0.025091,17.5,-0.012194,17.5,-0.01572,17.5,-0.086416,17.5,0.012851,17.5,0.019347
18,-0.076236,18,-0.005029,18,-0.017225,18,-0.019846,18,-0.082797,18,0.023519,18,0.020612
18.5,-0.080376,18.5,-0.023318,18.5,-0.009233,18.5,-0.031812,18.5,-0.089759,18.5,0.015016,18.5,0.014538
19,-0.073961,19,-0.011016,19,-0.02655,19,-0.006764,19,-0.08499,19,0.021792,19,-0.002164
19.5,-0.080917,19.5,-0.027947,19.5,-0.012182,19.5,-0.02145,19.5,-0.085257,19.5,0.014682,19.5,-0.01069
20,-0.079249,20,-0.019654,20,-0.030245,20,-0.005088,20,-0.085119,20,0.015471,20,-0.015591
20.5,-0.083538,20.5,-0.025696,20.5,-0.012696,20.5,-0.011924,20.5,-0.092627,20.5,0.017222,20.5,-0.021189
21,-0.1054,21,-0.026457,21,-0.02263,21,-0.009107,21,-0.085891,21,0.010244,21,-0.035087
21.5,-0.088268,21.5,-0.025049,21.5,-0.017978,21.5,-0.00319,21.5,-0.08595,21.5,0.011231,21.5,-0.042442
22,-0.10396,22,-0.027091,22,-0.020551,22,-0.010224,22,-0.084849,22,0.00623,22,-0.052659
22.5,-0.093501,22.5,-0.033838,22.5,-0.014456,22.5,0.002253,22.5,-0.089576,22.5,0.009477,22.5,-0.057301
23,-0.089472,23,-0.026146,23,-0.009781,23,-0.001582,23,-0.083491,23,0.007153,23,-0.06762
23.5,-0.090415,23.5,-0.010188,23.5,-0.028737,23.5,-0.010185,23.5,-0.087201,23.5,0.001756,23.5,-0.070929
24,-0.088966,24,-0.038992,24,-0.016759,24,-0.007404,24,-0.088477,24,0.008239,24,-0.090948
24.5,-0.086562,24.5,-0.028281,24.5,-0.022069,24.5,0.016204,24.5,-0.090624,24.5,0.002758,24.5,-0.095872
25,-0.082148,25,-0.028994,25,-0.028075,25,-0.003383,25,-0.089595,25,-0.000239,25,-0.11219
25.5,-0.09473,25.5,-0.023301,25.5,-0.042817,25.5,0.000714,25.5,-0.088184,25.5,-0.001229,25.5,-0.12012
26,-0.085395,26,-0.021631,26,-0.023653,26,0.004551,26,-0.095479,26,0.001115,26,-0.11942
26.5,-0.087794,26.5,-0.031537,26.5,-0.026008,26.5,0.019925,26.5,-0.090491,26.5,-0.005779,26.5,-0.13051
27,-0.076037,27,-0.021692,27,-0.036092,27,0.024356,27,-0.091577,27,-0.001376,27,-0.14024
27.5,-0.10156,27.5,-0.03215,27.5,-0.035694,27.5,0.011578,27.5,-0.093708,27.5,0.00127,27.5,-0.15255
28,-0.077247,28,-0.027647,28,-0.034488,28,0.023214,28,-0.093171,28,0.004457,28,-0.14822
28.5,-0.088502,28.5,-0.022892,28.5,-0.031961,28.5,0.007505,28.5,-0.090246,28.5,-0.00729,28.5,-0.16764
29,-0.087554,29,-0.030631,29,-0.039616,29,0.016503,29,-0.092468,29,0.00328,29,-0.17175
29.5,-0.091049,29.5,-0.017066,29.5,-0.040706,29.5,0.010293,29.5,-0.099995,29.5,0.003494,29.5,-0.18201
30,-0.096861,30,-0.030535,30,-0.05614,30,0.019049,30,-0.097576,30,-0.001586,30,-0.1855
30.5,-0.081525,30.5,-0.029427,30.5,-0.059721,30.5,0.025974,30.5,-0.09042,30.5,-0.000501,30.5,-0.20186
31,-0.096512,31,-0.032484,31,-0.065469,31,0.01092,31,-0.097672,31,-0.00005,31,-0.20184
31.5,-0.10163,31.5,-0.034739,31.5,-0.048839,31.5,0.025036,31.5,-0.11012,31.5,0.002856,31.5,-0.21432
32,-0.11389,32,-0.036385,32,-0.052821,32,0.027661,32,-0.098042,32,-0.004289,32,-0.2129
32.5,-0.10874,32.5,-0.035456,32.5,-0.055898,32.5,0.03991,32.5,-0.11084,32.5,-0.007045,32.5,-0.21987
33,-0.1079,33,-0.036554,33,-0.067582,33,0.021112,33,-0.10657,33,-0.005236,33,-0.23021
33.5,-0.10984,33.5,-0.040187,33.5,-0.071509,33.5,0.030482,33.5,-0.10892,33.5,-0.009001,33.5,-0.23507
34,-0.12122,34,-0.051945,34,-0.054732,34,0.030899,34,-0.1135,34,-0.009952,34,-0.25126
34.5,-0.11947,34.5,-0.048134,34.5,-0.048686,34.5,0.037249,34.5,-0.11505,34.5,-0.014467,34.5,-0.25292
35,-0.12046,35,-0.04829,35,-0.063917,35,0.020491,35,-0.12279,35,-0.010822,35,-0.25825
35.5,-0.11876,35.5,-0.053869,35.5,-0.070072,35.5,0.028699,35.5,-0.11904,35.5,-0.018995,35.5,-0.26049
36,-0.10901,36,-0.056951,36,-0.06125,36,0.039821,36,-0.12309,36,-0.023438,36,-0.27541
36.5,-0.13214,36.5,-0.060454,36.5,-0.081852,36.5,0.036788,36.5,-0.12892,36.5,-0.029199,36.5,-0.28082
37,-0.13024,37,-0.066705,37,-0.060004,37,0.041373,37,-0.13555,37,-0.014736,37,-0.27082
37.5,-0.13582,37.5,-0.067495,37.5,-0.070213,37.5,0.035628,37.5,-0.12819,37.5,-0.036638,37.5,-0.2824
38,-0.13671,38,-0.072488,38,-0.080328,38,0.038493,38,-0.13727,38,-0.031203,38,-0.29556
38.5,-0.14972,38.5,-0.072835,38.5,-0.066871,38.5,0.029406,38.5,-0.13803,38.5,-0.042315,38.5,-0.30145
39,-0.14148,39,-0.07442,39,-0.073088,39,0.030232,39,-0.148,39,-0.039375,39,-0.28429
39.5,-0.14596,39.5,-0.074846,39.5,-0.085052,39.5,0.032929,39.5,-0.14258,39.5,-0.046436,39.5,-0.30419
40,-0.15062,40,-0.082689,40,-0.090953,40,0.027396,40,-0.13959,40,-0.049085,40,-0.3052
40.5,-0.15377,40.5,-0.078936,40.5,-0.092163,40.5,0.023302,40.5,-0.14784,40.5,-0.049052,40.5,-0.30881
41,-0.15689,41,-0.09868,41,-0.082476,41,0.026115,41,-0.14083,41,-0.054607,41,-0.31013
41.5,-0.13345,41.5,-0.09289,41.5,-0.090119,41.5,0.032151,41.5,-0.15268,41.5,-0.067208,41.5,-0.3112
42,-0.1626,42,-0.089561,42,-0.090796,42,0.02119,42,-0.15072,42,-0.062444,42,-0.31502
42.5,-0.15633,42.5,-0.089225,42.5,-0.10362,42.5,0.008237,42.5,-0.15305,42.5,-0.062697,42.5,-0.31361
43,-0.16563,43,-0.10701,43,-0.093298,43,0.002674,43,-0.15626,43,-0.078102,43,-0.31417
43.5,-0.15926,43.5,-0.096071,43.5,-0.112,43.5,0.030767,43.5,-0.1503,43.5,-0.074701,43.5,-0.31937
44,-0.17125,44,-0.10661,44,-0.12487,44,0.005201,44,-0.15377,44,-0.081617,44,-0.31645
44.5,-0.17703,44.5,-0.09914,44.5,-0.12386,44.5,0.013364,44.5,-0.15575,44.5,-0.087017,44.5,-0.31603
45,-0.16427,45,-0.10569,45,-0.11482,45,0.000188,45,-0.15765,45,-0.091695,45,-0.32576
45.5,-0.15749,45.5,-0.11194,45.5,-0.12467,45.5,0.006578,45.5,-0.15074,45.5,-0.10107,45.5,-0.32218
46,-0.1656,46,-0.11986,46,-0.11615,46,-0.005162,46,-0.15417,46,-0.095823,46,-0.3204
46.5,-0.16471,46.5,-0.12859,46.5,-0.12808,46.5,-0.014429,46.5,-0.15345,46.5,-0.1094,46.5,-0.32219
47,-0.17898,47,-0.12601,47,-0.13186,47,-0.004703,47,-0.15556,47,-0.10275,47,-0.32131
47.5,-0.17831,47.5,-0.12254,47.5,-0.13921,47.5,-0.011653,47.5,-0.15186,47.5,-0.1133,47.5,-0.32582
48,-0.17258,48,-0.13542,48,-0.14316,48,-0.008712,48,-0.15779,48,-0.11227,48,-0.31725
48.5,-0.17621,48.5,-0.14578,48.5,-0.15086,48.5,-0.005887,48.5,-0.1543,48.5,-0.1177,48.5,-0.32397
49,-0.18872,49,-0.13872,49,-0.1571,49,-0.006637,49,-0.15238,49,-0.12314,49,-0.32093
49.5,-0.18512,49.5,-0.1414,49.5,-0.16584,49.5,-0.027478,49.5,-0.15221,49.5,-0.1218,49.5,-0.32351
50,-0.19559,50,-0.13755,50,-0.17529,50,-0.024995,50,-0.1502,50,-0.1284,50,-0.32563
50.5,-0.19295,50.5,-0.1512,50.5,-0.15754,50.5,-0.040425,50.5,-0.15433,50.5,-0.13514,50.5,-0.33019
51,-0.20666,51,-0.14979,51,-0.18603,51,-0.047043,51,-0.14557,51,-0.14087,51,-0.33666
51.5,-0.21623,51.5,-0.15319,51.5,-0.18636,51.5,-0.056461,51.5,-0.15717,51.5,-0.13287,51.5,-0.32596
52,-0.23243,52,-0.17095,52,-0.19564,52,-0.069079,52,-0.15435,52,-0.13959,52,-0.33422
52.5,-0.22686,52.5,-0.16952,52.5,-0.22281,52.5,-0.067018,52.5,-0.15189,52.5,-0.14671,52.5,-0.3448
53,-0.215,53,-0.18679,53,-0.22068,53,-0.093572,53,-0.15585,53,-0.1578,53,-0.35001
53.5,-0.23068,53.5,-0.19471,53.5,-0.23759,53.5,-0.088099,53.5,-0.16394,53.5,-0.15345,53.5,-0.35614
54,-0.2395,54,-0.19632,54,-0.2548,54,-0.1202,54,-0.16483,54,-0.15834,54,-0.3705
54.5,-0.24627,54.5,-0.22253,54.5,-0.27797,54.5,-0.13398,54.5,-0.16501,54.5,-0.1751,54.5,-0.38399
55,-0.25134,55,-0.22466,55,-0.27031,55,-0.16358,55,-0.17782,55,-0.184,55,-0.4
55.5,-0.27917,55.5,-0.25238,55.5,-0.316,55.5,-0.19109,55.5,-0.18514,55.5,-0.19202,55.5,-0.41063
56,-0.28318,56,-0.27248,56,-0.32087,56,-0.21422,56,-0.20164,56,-0.19483,56,-0.42543
56.5,-0.2862,56.5,-0.2855,56.5,-0.33308,56.5,-0.2538,56.5,-0.2043,56.5,-0.20926,56.5,-0.45311
57,-0.31691,57,-0.29219,57,-0.35609,57,-0.28776,57,-0.23677,57,-0.21174,57,-0.4723
57.5,-0.32142,57.5,-0.34206,57.5,-0.37244,57.5,-0.33447,57.5,-0.25815,57.5,-0.22322,57.5,-0.49709
58,-0.33429,58,-0.3608,58,-0.39418,58,-0.3574,58,-0.28378,58,-0.24435,58,-0.52911
58.5,-0.34463,58.5,-0.38929,58.5,-0.4109,58.5,-0.40671,58.5,-0.31095,58.5,-0.25864,58.5,-0.56709
59,-0.36003,59,-0.41954,59,-0.43288,59,-0.44686,59,-0.34065,59,-0.27213,59,-0.59637
59.5,-0.37874,59.5,-0.45338,59.5,-0.45615,59.5,-0.48948,59.5,-0.38693,59.5,-0.29032,59.5,-0.634
60,-0.3959,60,-0.50013,60,-0.49627,60,-0.51115,60,-0.42657,60,-0.32373,60,-0.68222
60.5,-0.40831,60.5,-0.53174,60.5,-0.5126,60.5,-0.5593,60.5,-0.48103,60.5,-0.3398,60.5,-0.71634
61,-0.43238,61,-0.57382,61,-0.53888,61,-0.59667,61,-0.53143,61,-0.36901,61,-0.7608
61.5,-0.4611,61.5,-0.61808,61.5,-0.54121,61.5,-0.63881,61.5,-0.56905,61.5,-0.39144,61.5,-0.80406
62,-0.49485,62,-0.68664,62,-0.57403,62,-0.67979,62,-0.59932,62,-0.42828,62,-0.86067
62.5,-0.48497,62.5,-0.72134,62.5,-0.5881,62.5,-0.71282,62.5,-0.62735,62.5,-0.4486,62.5,-0.90848
63,-0.49945,63,-0.77553,63,-0.60323,63,-0.74969,63,-0.64003,63,-0.49034,63,-0.95142
63.5,-0.49797,63.5,-0.79917,63.5,-0.63133,63.5,-0.77146,63.5,-0.6701,63.5,-0.52095,63.5,-1.0063
64,-0.51021,64,-0.82671,64,-0.65885,64,-0.80338,64,-0.69953,64,-0.55302,64,-1.0747
64.5,-0.53578,64.5,-0.85894,64.5,-0.68786,64.5,-0.84892,64.5,-0.74901,64.5,-0.59505,64.5,-1.135
65,-0.55019,65,-0.90065,65,-0.70916,65,-0.86091,65,-0.79449,65,-0.635,65,-1.2062
65.5,-0.5805,65.5,-0.96572,65.5,-0.74305,65.5,-0.88505,65.5,-0.81822,65.5,-0.69256,65.5,-1.2696
66,-0.59818,66,-1.019,66,-0.77585,66,-0.90989,66,-0.85622,66,-0.73978,66,-1.3479
66.5,-0.63366,66.5,-1.0977,66.5,-0.80732,66.5,-0.94641,66.5,-0.88591,66.5,-0.78032,66.5,-1.422
67,-0.65154,67,-1.1525,67,-0.84603,67,-0.97167,67,-0.92568,67,-0.83141,67,-1.5003
67.5,-0.68509,67.5,-1.201,67.5,-0.8981,67.5,-0.99143,67.5,-0.96975,67.5,-0.8834,67.5,-1.5767
68,-0.70361,68,-1.1981,68,-0.95039,68,-1.036,68,-1.0259,68,-0.91105,68,-1.6577
68.5,-0.72641,68.5,-1.2421,68.5,-1.0018,68.5,-1.1112,68.5,-1.0908,68.5,-0.96372,68.5,-1.7401
69,-0.75059,69,-1.2784,69,-1.0814,69,-1.1351,69,-1.1646,69,-1.0088,69,-1.8269
69.5,-0.8065,69.5,-1.3239,69.5,-1.151,69.5,-1.2107,69.5,-1.2372,69.5,-1.0586,69.5,-1.9166
70,-0.89048,70,-1.399,70,-1.2194,70,-1.2729,70,-1.3233,70,-1.1048,70,-1.9899
70.5,-0.95388,70.5,-1.5041,70.5,-1.2656,70.5,-1.3535,70.5,-1.4216,70.5,-1.1674,70.5,-2.0841
71,-1.014,71,-1.6406,71,-1.3328,71,-1.4549,71,-1.5047,71,-1.2435,71,-2.1687
71.5,-1.0816,71.5,-1.7913,71.5,-1.4134,71.5,-1.5533,71.5,-1.5925,71.5,-1.3209,71.5,-2.2567
72,-1.1504,72,-1.9498,72,-1.4974,72,-1.6659,72,-1.6867,72,-1.4113,72,-2.3351
72.5,-1.2129,72.5,-2.1213,72.5,-1.5806,72.5,-1.7742,72.5,-1.7831,72.5,-1.5004,72.5,-2.4148
73,-1.2699,73,-2.2728,73,-1.6895,73,-1.8737,73,-1.877,73,-1.6055,73,-2.501
73.5,-1.3406,73.5,-2.4168,73.5,-1.8286,73.5,-2.0027,73.5,-1.9882,73.5,-1.7203,73.5,-2.5662
74,-1.4161,74,-2.5808,74,-1.9571,74,-2.1296,74,-2.0967,74,-1.8277,74,-2.6583
74.5,-1.5044,74.5,-2.7189,74.5,-2.1197,74.5,-2.2307,74.5,-2.2092,74.5,-1.9669,74.5,-2.7353
75,-1.6055,75,-2.8878,75,-2.2966,75,-2.3701,75,-2.3253,75,-2.0927,75,-2.8231
75.5,-1.7511,75.5,-3.0531,75.5,-2.4869,75.5,-2.4995,75.5,-2.4361,75.5,-2.2326,75.5,-2.9209
76,-1.8535,76,-3.2626,76,-2.6812,76,-2.6387,76,-2.5477,76,-2.3749,76,-3.0285
76.5,-1.9742,76.5,-3.4867,76.5,-2.895,76.5,-2.7407,76.5,-2.6594,76.5,-2.5465,76.5,-3.1421
77,-2.097,77,-3.6926,77,-3.1194,77,-2.8448,77,-2.7713,77,-2.7001,77,-3.262
77.5,-2.2311,77.5,-3.9359,77.5,-3.3964,77.5,-2.9806,77.5,-2.8819,77.5,-2.8803,77.5,-3.3801
78,-2.3435,78,-4.1393,78,-3.6874,78,-3.0677,78,-2.985,78,-3.0745,78,-3.5107
78.5,-2.4921,78.5,-4.3722,78.5,-3.9709,78.5,-3.169,78.5,-3.0887,78.5,-3.3033,78.5,-3.6695
79,-2.6622,79,-4.6353,79,-4.2705,79,-3.2563,79,-3.1955,79,-3.5453,79,-3.8379
79.5,-2.8439,79.5,-4.9128,79.5,-4.582,79.5,-3.3535,79.5,-3.3011,79.5,-3.8329,79.5,-4.0421
80,-3.0519,80,-5.2437,80,-4.9338,80,-3.4444,80,-3.3982,80,-4.1725,80,-4.2699
80.5,-3.278,80.5,-5.5696,80.5,-5.3067,80.5,-3.5255,80.5,-3.4928,80.5,-4.5674,80.5,-4.5277
81,-3.514,81,-5.9422,81,-5.7167,81,-3.6359,81,-3.5884,81,-5.0198,81,-4.7982
81.5,-3.7522,81.5,-6.3535,81.5,-6.1748,81.5,-3.7202,81.5,-3.7087,81.5,-5.521,81.5,-5.0936
82,-4.0137,82,-6.8167,82,-6.7214,82,-3.8048,82,-3.8172,82,-6.1039,82,-5.4036
82.5,-4.3127,82.5,-7.3526,82.5,-7.3279,82.5,-3.8884,82.5,-3.9681,82.5,-6.7329,82.5,-5.7313
83,-4.6435,83,-7.9765,83,-7.9978,83,-4.0085,83,-4.15,83,-7.4269,83,-6.0949
83.5,-4.9861,83.5,-8.68,83.5,-8.7013,83.5,-4.1218,83.5,-4.3606,83.5,-8.1667,83.5,-6.4998
84,-5.4013,84,-9.4573,84,-9.4744,84,-4.2617,84,-4.6192,84,-8.963,84,-6.9977
84.5,-5.8085,84.5,-10.306,84.5,-10.286,84.5,-4.4291,84.5,-4.9067,84.5,-9.7509,84.5,-7.5628
85,-6.228,85,-11.207,85,-11.122,85,-4.6939,85,-5.2511,85,-10.578,85,-8.1977
85.5,-6.6315,85.5,-12.125,85.5,-11.978,85.5,-5.0097,85.5,-5.6345,85.5,-11.447,85.5,-8.8937
86,-7.1196,86,-13.083,86,-12.91,86,-5.4349,86,-6.0873,86,-12.373,86,-9.6701
86.5,-7.7293,86.5,-14.043,86.5,-13.885,86.5,-5.986,86.5,-6.6464,86.5,-13.366,86.5,-10.497
87,-8.3938,87,-14.994,87,-14.948,87,-6.6803,87,-7.3406,87,-14.382,87,-11.361
87.5,-9.1448,87.5,-15.988,87.5,-16.003,87.5,-7.5103,87.5,-8.1438,87.5,-15.482,87.5,-12.258
88,-9.9314,88,-17.09,88,-17.136,88,-8.476,88,-9.1219,88,-16.651,88,-13.22
88.5,-10.749,88.5,-18.206,88.5,-18.194,88.5,-9.5904,88.5,-10.268,88.5,-17.795,88.5,-14.229
89,-11.493,89,-19.348,89,-19.346,89,-10.877,89,-11.589,89,-18.969,89,-15.246
89.5,-12.178,89.5,-20.481,89.5,-20.343,89.5,-12.333,89.5,-12.964,89.5,-20.157,89.5,-16.289
90,-12.927,90,-21.568,90,-21.471,90,-13.822,90,-14.233,90,-21.284,90,-17.31
90.5,-13.814,90.5,-22.647,90.5,-22.571,90.5,-15.223,90.5,-15.387,90.5,-22.256,90.5,-18.138
91,-14.758,91,-23.622,91,-23.63,91,-16.355,91,-16.601,91,-23.017,91,-18.915
91.5,-15.722,91.5,-24.405,91.5,-24.738,91.5,-18.012,91.5,-17.886,91.5,-23.594,91.5,-19.598
92,-16.656,92,-25.064,92,-25.874,92,-19.631,92,-19.082,92,-24.121,92,-20.511
92.5,-17.248,92.5,-25.574,92.5,-27.002,92.5,-21.501,92.5,-20.027,92.5,-24.51,92.5,-21.457
93,-17.796,93,-25.941,93,-28.077,93,-23.279,93,-20.848,93,-24.923,93,-22.525
93.5,-18.569,93.5,-26.113,93.5,-29.046,93.5,-25.283,93.5,-21.717,93.5,-25.358,93.5,-23.642
94,-19.543,94,-26.191,94,-29.786,94,-27.304,94,-22.631,94,-25.771,94,-24.738
94.5,-20.393,94.5,-26.234,94.5,-30.313,94.5,-29.08,94.5,-23.329,94.5,-26.06,94.5,-25.551
95,-21.592,95,-26.198,95,-30.564,95,-30.336,95,-23.999,95,-26.104,95,-26.185
95.5,-22.995,95.5,-26.153,95.5,-30.75,95.5,-31.548,95.5,-25.055,95.5,-25.896,95.5,-26.486
96,-24.287,96,-26.032,96,-30.775,96,-32.966,96,-26.288,96,-25.464,96,-26.828
96.5,-25.484,96.5,-25.883,96.5,-30.774,96.5,-34.4,96.5,-27.36,96.5,-24.88,96.5,-27.08
97,-26.347,97,-25.716,97,-30.759,97,-35.672,97,-28.107,97,-24.226,97,-27.415
97.5,-27.107,97.5,-25.519,97.5,-30.664,97.5,-36.794,97.5,-28.544,97.5,-23.548,97.5,-27.613
98,-27.956,98,-25.339,98,-30.454,98,-37.65,98,-28.777,98,-22.903,98,-27.607
98.5,-28.719,98.5,-25.145,98.5,-30.113,98.5,-38.084,98.5,-28.912,98.5,-22.252,98.5,-27.396
99,-29.137,99,-24.875,99,-29.639,99,-38.212,99,-28.937,99,-21.59,99,-26.983
99.5,-29.217,99.5,-24.486,99.5,-29,99.5,-38,99.5,-28.908,99.5,-20.936,99.5,-26.535
100,-28.953,100,-23.959,100,-28.335,100,-37.38,100,-28.775,100,-20.28,100,-26.054
100.5,-28.418,100.5,-23.275,100.5,-27.564,100.5,-36.4,100.5,-28.61,100.5,-19.62,100.5,-25.582
101,-27.802,101,-22.481,101,-26.73,101,-35.188,101,-28.417,101,-18.961,101,-25.088
101.5,-27.032,101.5,-21.648,101.5,-25.889,101.5,-33.791,101.5,-28.14,101.5,-18.283,101.5,-24.597
102,-26.195,102,-20.896,102,-25.135,102,-32.277,102,-27.802,102,-17.73,102,-24.033
102.5,-25.395,102.5,-20.329,102.5,-24.535,102.5,-30.724,102.5,-27.348,102.5,-17.321,102.5,-23.419
103,-24.588,103,-19.942,103,-24.01,103,-29.245,103,-26.824,103,-17.069,103,-22.715
103.5,-23.825,103.5,-19.706,103.5,-23.588,103.5,-27.875,103.5,-26.232,103.5,-17.073,103.5,-22.02
104,-22.922,104,-19.549,104,-23.19,104,-26.622,104,-25.562,104,-17.319,104,-21.353
104.5,-22.134,104.5,-19.433,104.5,-22.754,104.5,-25.45,104.5,-24.863,104.5,-17.744,104.5,-20.769
105,-21.435,105,-19.317,105,-22.219,105,-24.341,105,-24.103,105,-18.348,105,-20.273
105.5,-20.945,105.5,-19.146,105.5,-21.68,105.5,-23.309,105.5,-23.332,105.5,-19.013,105.5,-19.912
106,-20.684,106,-18.898,106,-21.071,106,-22.269,106,-22.601,106,-19.62,106,-19.492
106.5,-20.664,106.5,-18.618,106.5,-20.478,106.5,-21.236,106.5,-21.884,106.5,-20.098,106.5,-19.031
107,-20.849,107,-18.281,107,-19.934,107,-20.38,107,-21.249,107,-20.296,107,-18.435
107.5,-20.94,107.5,-17.979,107.5,-19.44,107.5,-19.689,107.5,-20.642,107.5,-20.166,107.5,-17.809
108,-21.191,108,-17.685,108,-18.947,108,-19.104,108,-20.029,108,-19.771,108,-17.231
108.5,-21.282,108.5,-17.397,108.5,-18.561,108.5,-18.668,108.5,-19.523,108.5,-19.151,108.5,-16.768
109,-21.085,109,-17.04,109,-18.035,109,-18.309,109,-19.085,109,-18.414,109,-16.351
109.5,-20.381,109.5,-16.707,109.5,-17.511,109.5,-17.892,109.5,-18.687,109.5,-17.662,109.5,-16.095
110,-19.968,110,-16.326,110,-16.95,110,-17.334,110,-18.404,110,-16.993,110,-15.986
110.5,-19.778,110.5,-15.874,110.5,-16.421,110.5,-16.694,110.5,-18.161,110.5,-16.506,110.5,-15.839
111,-19.67,111,-15.289,111,-15.938,111,-15.952,111,-17.981,111,-16.218,111,-15.592
111.5,-20.248,111.5,-14.706,111.5,-15.564,111.5,-15.248,111.5,-17.779,111.5,-16.173,111.5,-15.148
112,-21.084,112,-14.042,112,-15.339,112,-14.552,112,-17.635,112,-16.352,112,-14.644
112.5,-21.585,112.5,-13.326,112.5,-15.312,112.5,-14.04,112.5,-17.492,112.5,-16.599,112.5,-14.154
113,-21.694,113,-12.747,113,-15.443,113,-13.726,113,-17.381,113,-16.81,113,-13.794
113.5,-21.347,113.5,-12.234,113.5,-15.572,113.5,-13.685,113.5,-17.262,113.5,-16.868,113.5,-13.648
114,-20.47,114,-12.345,114,-15.573,114,-13.862,114,-17.13,114,-16.746,114,-13.753
114.5,-19.622,114.5,-12.511,114.5,-15.494,114.5,-14.177,114.5,-16.965,114.5,-16.338,114.5,-14.031
115,-19.039,115,-13.285,115,-15.279,115,-14.508,115,-16.771,115,-15.604,115,-14.413
115.5,-18.769,115.5,-14.127,115.5,-15.054,115.5,-14.709,115.5,-16.571,115.5,-14.798,115.5,-14.711
116,-18.935,116,-15.27,116,-14.813,116,-14.695,116,-16.365,116,-13.913,116,-14.819
116.5,-19.191,116.5,-16.124,116.5,-14.649,116.5,-14.393,116.5,-16.176,116.5,-13.187,116.5,-14.737
117,-19.249,117,-16.734,117,-14.526,117,-13.871,117,-16.069,117,-12.723,117,-14.483
117.5,-19.03,117.5,-16.892,117.5,-14.382,117.5,-13.246,117.5,-16.005,117.5,-12.637,117.5,-14.1
118,-18.69,118,-16.72,118,-14.321,118,-12.458,118,-16.021,118,-12.972,118,-13.776
118.5,-18.07,118.5,-16.174,118.5,-14.172,118.5,-11.814,118.5,-16.142,118.5,-13.768,118.5,-13.536
119,-17.374,119,-15.281,119,-14.045,119,-11.1,119,-16.36,119,-14.602,119,-13.472
119.5,-16.812,119.5,-14.373,119.5,-13.87,119.5,-10.606,119.5,-16.714,119.5,-15.852,119.5,-13.629
120,-16.704,120,-13.482,120,-13.623,120,-10.378,120,-17.141,120,-16.892,120,-13.93
120.5,-16.839,120.5,-12.876,120.5,-13.397,120.5,-10.501,120.5,-17.592,120.5,-17.715,120.5,-14.355
121,-17.414,121,-12.68,121,-13.277,121,-11.146,121,-17.982,121,-18.234,121,-14.923
121.5,-18.166,121.5,-12.815,121.5,-13.147,121.5,-12.112,121.5,-18.328,121.5,-18.622,121.5,-15.425
122,-18.968,122,-13.256,122,-13.12,122,-13.196,122,-18.557,122,-18.638,122,-15.996
122.5,-19.541,122.5,-13.918,122.5,-13.063,122.5,-14.139,122.5,-18.667,122.5,-18.864,122.5,-16.395
123,-19.82,123,-14.684,123,-13.146,123,-15.033,123,-18.693,123,-19.099,123,-16.686
123.5,-19.947,123.5,-15.52,123.5,-13.307,123.5,-15.576,123.5,-18.646,123.5,-19.379,123.5,-16.902
124,-19.987,124,-16.21,124,-13.53,124,-15.886,124,-18.577,124,-19.93,124,-16.986
124.5,-20.064,124.5,-16.745,124.5,-13.814,124.5,-16.055,124.5,-18.55,124.5,-20.517,124.5,-17.047
125,-19.991,125,-17.156,125,-14.199,125,-16.149,125,-18.655,125,-21.212,125,-17.142
125.5,-19.925,125.5,-17.442,125.5,-14.528,125.5,-16.287,125.5,-18.909,125.5,-21.884,125.5,-17.204
126,-19.895,126,-17.569,126,-14.843,126,-16.601,126,-19.277,126,-22.169,126,-17.382
126.5,-19.831,126.5,-17.659,126.5,-14.995,126.5,-17.016,126.5,-19.672,126.5,-22.327,126.5,-17.571
127,-19.742,127,-17.749,127,-14.978,127,-17.389,127,-20.092,127,-22.388,127,-17.808
127.5,-19.765,127.5,-17.881,127.5,-14.854,127.5,-17.79,127.5,-20.418,127.5,-21.992,127.5,-18.014
128,-19.759,128,-18.133,128,-14.673,128,-17.973,128,-20.609,128,-21.598,128,-18.197
128.5,-19.886,128.5,-18.422,128.5,-14.533,128.5,-17.898,128.5,-20.724,128.5,-21.477,128.5,-18.408
129,-20.23,129,-18.714,129,-14.263,129,-17.769,129,-20.761,129,-21.562,129,-18.611
129.5,-20.715,129.5,-19.06,129.5,-14.035,129.5,-17.622,129.5,-20.735,129.5,-22.192,129.5,-18.875
130,-21.402,130,-19.313,130,-13.841,130,-17.568,130,-20.681,130,-22.781,130,-19.163
130.5,-22.108,130.5,-19.484,130.5,-13.708,130.5,-17.754,130.5,-20.687,130.5,-23.617,130.5,-19.485
131,-22.735,131,-19.555,131,-13.63,131,-18.201,131,-20.748,131,-24.331,131,-19.812
131.5,-23.288,131.5,-19.612,131.5,-13.675,131.5,-18.7,131.5,-20.887,131.5,-25.002,131.5,-20.093
132,-23.645,132,-19.525,132,-13.804,132,-19.191,132,-21.034,132,-25.219,132,-20.351
132.5,-23.926,132.5,-19.453,132.5,-14.108,132.5,-19.708,132.5,-21.15,132.5,-25.39,132.5,-20.589
133,-24.028,133,-19.337,133,-14.548,133,-20.07,133,-21.242,133,-24.725,133,-20.799
133.5,-24.048,133.5,-19.243,133.5,-15.136,133.5,-20.288,133.5,-21.303,133.5,-23.763,133.5,-20.931
134,-24.078,134,-19.193,134,-15.847,134,-20.513,134,-21.486,134,-22.462,134,-21.059
134.5,-24.381,134.5,-19.196,134.5,-16.633,134.5,-20.618,134.5,-21.581,134.5,-20.905,134.5,-21.103
135,-24.64,135,-19.326,135,-17.357,135,-20.712,135,-21.482,135,-19.379,135,-21.18
135.5,-24.966,135.5,-19.526,135.5,-18.208,135.5,-20.747,135.5,-21.559,135.5,-18.343,135.5,-21.271
136,-24.133,136,-19.694,136,-18.801,136,-20.754,136,-21.282,136,-17.767,136,-21.318
136.5,-24.205,136.5,-19.875,136.5,-19.29,136.5,-20.659,136.5,-20.968,136.5,-17.815,136.5,-21.357
137,-23.156,137,-20.025,137,-19.578,137,-20.547,137,-20.739,137,-18.278,137,-21.364
137.5,-22.424,137.5,-20.111,137.5,-19.775,137.5,-20.342,137.5,-20.272,137.5,-18.915,137.5,-21.351
138,-21.553,138,-20.211,138,-19.859,138,-21.085,138,-20.281,138,-19.697,138,-21.294
138.5,-20.92,138.5,-20.114,138.5,-19.423,138.5,-19.629,138.5,-20.387,138.5,-20.453,138.5,-21.222
139,-21.178,139,-20.066,139,-19.023,139,-20.561,139,-20.663,139,-21.188,139,-21.108
139.5,-21.606,139.5,-20,139.5,-18.402,139.5,-19.359,139.5,-20.983,139.5,-21.793,139.5,-20.99
140,-22.201,140,-19.834,140,-17.734,140,-19.812,140,-21.272,140,-22.327,140,-20.857
140.5,-22.677,140.5,-19.651,140.5,-17.003,140.5,-18.929,140.5,-21.335,140.5,-22.725,140.5,-20.754
141,-22.633,141,-19.506,141,-16.338,141,-18.782,141,-21.203,141,-22.939,141,-20.695
141.5,-22.196,141.5,-19.241,141.5,-15.801,141.5,-18.584,141.5,-21.048,141.5,-23.036,141.5,-20.614
142,-21.626,142,-19.084,142,-15.413,142,-18.201,142,-20.985,142,-22.876,142,-20.536
142.5,-21.081,142.5,-18.834,142.5,-15.139,142.5,-18.386,142.5,-20.953,142.5,-22.634,142.5,-20.418
143,-20.682,143,-18.662,143,-15.03,143,-18.199,143,-20.993,143,-22.295,143,-20.255
143.5,-20.441,143.5,-18.579,143.5,-15.016,143.5,-18.436,143.5,-21.25,143.5,-21.937,143.5,-20.033
144,-20.284,144,-18.595,144,-15.021,144,-18.112,144,-21.56,144,-21.62,144,-19.864
144.5,-20.124,144.5,-18.68,144.5,-14.942,144.5,-17.788,144.5,-21.668,144.5,-21.298,144.5,-19.643
145,-19.833,145,-18.704,145,-14.78,145,-17.566,145,-21.587,145,-21.03,145,-19.449
145.5,-19.377,145.5,-18.798,145.5,-14.24,145.5,-17.174,145.5,-21.337,145.5,-20.762,145.5,-19.566
146,-18.818,146,-18.817,146,-13.203,146,-16.974,146,-21.036,146,-20.518,146,-19.159
146.5,-18.252,146.5,-18.85,146.5,-12,146.5,-16.677,146.5,-20.852,146.5,-20.273,146.5,-19.049
147,-17.821,147,-18.929,147,-10.694,147,-16.451,147,-20.799,147,-20.022,147,-19.139
147.5,-17.469,147.5,-18.988,147.5,-9.8522,147.5,-16.305,147.5,-20.862,147.5,-19.791,147.5,-18.65
148,-17.286,148,-19.022,148,-9.6699,148,-16.04,148,-21.031,148,-19.646,148,-18.722
148.5,-16.982,148.5,-19.034,148.5,-10.431,148.5,-15.745,148.5,-21.24,148.5,-19.555,148.5,-18.492
149,-16.76,149,-18.944,149,-12.011,149,-15.259,149,-21.419,149,-19.533,149,-18.454
149.5,-16.399,149.5,-18.758,149.5,-13.886,149.5,-14.617,149.5,-21.5,149.5,-19.582,149.5,-18.419
150,-16.019,150,-18.576,150,-15.542,150,-14.122,150,-21.718,150,-19.674,150,-18.276
150.5,-15.65,150.5,-18.234,150.5,-16.668,150.5,-13.935,150.5,-21.67,150.5,-19.789,150.5,-18.266
151,-15.328,151,-17.931,151,-17.049,151,-14.011,151,-21.669,151,-19.851,151,-18.143
151.5,-15.02,151.5,-17.604,151.5,-16.882,151.5,-14.364,151.5,-21.579,151.5,-19.936,151.5,-17.988
152,-14.758,152,-17.24,152,-16.256,152,-14.816,152,-21.401,152,-20.041,152,-17.869
152.5,-14.476,152.5,-17.017,152.5,-15.507,152.5,-14.944,152.5,-21.121,152.5,-20.168,152.5,-17.594
153,-14.031,153,-16.766,153,-14.899,153,-14.691,153,-20.821,153,-20.406,153,-17.396
153.5,-13.712,153.5,-16.616,153.5,-14.584,153.5,-14.684,153.5,-20.477,153.5,-20.61,153.5,-17.12
154,-13.119,154,-16.467,154,-14.553,154,-13.188,154,-20.111,154,-20.819,154,-16.894
154.5,-12.648,154.5,-16.308,154.5,-14.656,154.5,-12.459,154.5,-19.712,154.5,-20.92,154.5,-16.704
155,-12.044,155,-16.126,155,-14.764,155,-11.104,155,-19.337,155,-20.783,155,-16.41
155.5,-11.475,155.5,-15.839,155.5,-14.625,155.5,-10.371,155.5,-18.948,155.5,-20.448,155.5,-16.172
156,-10.859,156,-15.516,156,-14.369,156,-10.02,156,-18.545,156,-19.912,156,-16.015
156.5,-10.316,156.5,-15.173,156.5,-13.989,156.5,-10.178,156.5,-18.113,156.5,-19.158,156.5,-15.59
157,-9.7813,157,-14.757,157,-13.527,157,-10.495,157,-18.082,157,-18.371,157,-15.059
157.5,-9.1566,157.5,-14.302,157.5,-13.081,157.5,-10.648,157.5,-17.534,157.5,-17.69,157.5,-14.636
158,-8.7353,158,-13.846,158,-12.766,158,-11.224,158,-16.799,158,-17.143,158,-14.113
158.5,-8.4647,158.5,-13.337,158.5,-12.498,158.5,-11.458,158.5,-16.327,158.5,-16.674,158.5,-13.467
159,-8.1695,159,-12.715,159,-12.287,159,-11.821,159,-15.437,159,-16.222,159,-12.839
159.5,-7.7075,159.5,-12.082,159.5,-12.105,159.5,-11.758,159.5,-14.707,159.5,-15.773,159.5,-12.495
160,-7.1623,160,-11.471,160,-11.825,160,-11.287,160,-13.894,160,-15.173,160,-11.979
160.5,-6.6162,160.5,-10.851,160.5,-11.478,160.5,-10.829,160.5,-13.068,160.5,-14.546,160.5,-11.708
161,-6.1489,161,-10.269,161,-11.13,161,-10.121,161,-12.365,161,-13.846,161,-11.596
161.5,-5.936,161.5,-9.703,161.5,-10.831,161.5,-9.6923,161.5,-11.832,161.5,-13.163,161.5,-10.993
162,-5.736,162,-9.1898,162,-10.462,162,-9.1477,162,-11.385,162,-12.431,162,-10.621
162.5,-5.3954,162.5,-8.7487,162.5,-10.214,162.5,-8.3521,162.5,-11.13,162.5,-11.76,162.5,-9.9024
163,-5.0329,163,-8.4335,163,-9.9362,163,-7.5805,163,-10.934,163,-11.143,163,-9.4178
163.5,-4.6433,163.5,-8.1163,163.5,-9.6564,163.5,-6.9473,163.5,-10.575,163.5,-10.611,163.5,-8.7856
164,-4.1096,164,-7.7997,164,-9.3469,164,-6.6302,164,-10.161,164,-10.076,164,-8.2171
164.5,-3.788,164.5,-7.4086,164.5,-9.0334,164.5,-6.5148,164.5,-9.5861,164.5,-9.6378,164.5,-7.8533
165,-3.3989,165,-6.9879,165,-8.7456,165,-6.3644,165,-8.8759,165,-9.1368,165,-7.3408
165.5,-3.2309,165.5,-6.564,165.5,-8.4331,165.5,-6.0996,165.5,-8.1057,165.5,-8.6293,165.5,-7.1049
166,-3.1347,166,-6.1515,166,-8.1728,166,-5.6896,166,-7.3367,166,-8.1124,166,-6.7856
166.5,-3.2936,166.5,-5.7513,166.5,-7.9838,166.5,-5.3282,166.5,-6.6207,166.5,-7.5884,166.5,-6.5309
167,-3.1049,167,-5.4787,167,-7.8195,167,-4.9501,167,-6.0588,167,-7.1131,167,-6.2289
167.5,-3.0976,167.5,-5.3737,167.5,-7.7381,167.5,-4.9511,167.5,-5.5556,167.5,-6.6352,167.5,-5.8062
168,-3.03,168,-5.3224,168,-7.6135,168,-4.9293,168,-5.2368,168,-6.1737,168,-5.4695
168.5,-2.7461,168.5,-5.3527,168.5,-7.4743,168.5,-4.8115,168.5,-4.964,168.5,-5.7441,168.5,-5.1111
169,-2.7502,169,-5.3673,169,-7.4332,169,-4.8659,169,-4.8323,169,-5.3345,169,-4.695
169.5,-2.5654,169.5,-5.4011,169.5,-7.3098,169.5,-4.7914,169.5,-4.6986,169.5,-4.9622,169.5,-4.4042
170,-2.5068,170,-5.3334,170,-7.2145,170,-4.8359,170,-4.5463,170,-4.6104,170,-4.0899
170.5,-2.3997,170.5,-5.1951,170.5,-7.1941,170.5,-4.782,170.5,-4.3403,170.5,-4.329,170.5,-3.919
171,-2.2478,171,-5.0336,171,-7.1728,171,-4.5604,171,-4.0771,171,-4.1222,171,-3.7809
171.5,-2.2425,171.5,-4.8637,171.5,-7.1778,171.5,-4.3471,171.5,-3.8353,171.5,-3.9302,171.5,-3.6911
172,-2.2316,172,-4.6227,172,-7.1556,172,-4.1852,172,-3.5874,172,-3.8193,172,-3.6927
172.5,-2.0794,172.5,-4.3883,172.5,-7.1665,172.5,-4.0386,172.5,-3.4331,172.5,-3.7268,172.5,-3.5963
173,-1.962,173,-4.1532,173,-7.1003,173,-3.9004,173,-3.311,173,-3.6801,173,-3.5886
173.5,-1.9138,173.5,-3.9353,173.5,-7.0494,173.5,-3.8536,173.5,-3.2559,173.5,-3.5838,173.5,-3.5715
174,-1.7634,174,-3.7495,174,-6.964,174,-3.7835,174,-3.1889,174,-3.5467,174,-3.532
174.5,-1.7313,174.5,-3.6387,174.5,-6.9424,174.5,-3.7034,174.5,-3.1605,174.5,-3.4455,174.5,-3.5153
175,-1.6886,175,-3.5125,175,-6.8591,175,-3.593,175,-3.0708,175,-3.4002,175,-3.5068
175.5,-1.6162,175.5,-3.456,175.5,-6.8629,175.5,-3.4034,175.5,-3.0271,175.5,-3.3557,175.5,-3.5142
176,-1.5615,176,-3.392,176,-6.8609,176,-3.3268,176,-2.9136,176,-3.299,176,-3.5463
176.5,-1.5233,176.5,-3.3803,176.5,-6.822,176.5,-3.2735,176.5,-2.856,176.5,-3.1971,176.5,-3.4727
177,-1.4412,177,-3.3635,177,-6.8248,177,-3.1932,177,-2.7487,177,-3.1652,177,-3.5278
177.5,-1.4179,177.5,-3.2666,177.5,-6.8116,177.5,-3.2076,177.5,-2.7467,177.5,-3.1476,177.5,-3.4744
178,-1.2949,178,-3.1678,178,-6.8491,178,-3.2327,178,-2.7694,178,-3.1707,178,-3.5149
178.5,-1.2765,178.5,-3.0091,178.5,-6.7877,178.5,-3.1664,178.5,-2.7787,178.5,-3.3551,178.5,-3.5377
179,-1.1021,179,-2.9291,179,-6.7269,179,-3.1092,179,-2.8679,179,-3.6457,179,-3.593
179.5,-1.1996,179.5,-2.842,179.5,-6.6804,179.5,-3.0656,179.5,-2.9676,179.5,-3.84,179.5,-3.6789
180,-1.1646,180,-2.8157,180,-6.5975,180,-3.0187,180,-3.0738,180,-4.1713,180,-3.8189
180.5,-1.2079,180.5,-2.8495,180.5,-6.5256,180.5,-2.967,180.5,-3.2027,180.5,-4.6129,180.5,-3.9417
181,-1.3188,181,-2.9068,181,-6.4105,181,-2.9503,181,-3.347,181,-4.9703,181,-4.1009
181.5,-1.3863,181.5,-3.0261,181.5,-6.3102,181.5,-2.8816,181.5,-3.5117,181.5,-5.3643,181.5,-4.3004
182,-1.4551,182,-3.222,182,-6.1996,182,-2.7946,182,-3.7343,182,-5.8331,182,-4.5048
182.5,-1.4921,182.5,-3.4322,182.5,-6.077,182.5,-2.7486,182.5,-3.8321,182.5,-6.336,182.5,-4.6545
183,-1.4546,183,-3.6769,183,-6.0075,183,-2.7032,183,-4.0055,183,-6.8549,183,-4.7983
183.5,-1.5304,183.5,-3.9604,183.5,-5.9304,183.5,-2.6996,183.5,-4.1218,183.5,-7.3702,183.5,-4.9023
184,-1.5981,184,-4.1354,184,-5.8643,184,-2.6821,184,-4.1943,184,-7.8845,184,-4.9753
184.5,-1.6246,184.5,-4.3428,184.5,-5.8169,184.5,-2.6862,184.5,-4.2268,184.5,-8.3915,184.5,-4.9889
185,-1.6855,185,-4.4735,185,-5.8157,185,-2.7024,185,-4.2216,185,-8.8309,185,-4.9525
185.5,-1.7154,185.5,-4.5889,185.5,-5.7645,185.5,-2.7788,185.5,-4.2564,185.5,-9.123,185.5,-4.9837
186,-1.7559,186,-4.841,186,-5.7926,186,-2.9141,186,-4.2607,186,-9.1598,186,-5.0338
186.5,-1.813,186.5,-4.7906,186.5,-5.7416,186.5,-2.9558,186.5,-4.2511,186.5,-9.0224,186.5,-5.1586
187,-1.8577,187,-4.9893,187,-5.7253,187,-3.042,187,-4.3282,187,-8.7166,187,-5.3706
187.5,-1.8149,187.5,-5.0628,187.5,-5.6764,187.5,-3.0839,187.5,-4.417,187.5,-8.1405,187.5,-5.5936
188,-1.7969,188,-5.0891,188,-5.6242,188,-3.1337,188,-4.5403,188,-7.5913,188,-5.8716
188.5,-1.8112,188.5,-5.2033,188.5,-5.5566,188.5,-3.0977,188.5,-4.697,188.5,-7.1159,188.5,-6.0791
189,-1.7408,189,-5.2891,189,-5.4828,189,-3.0828,189,-4.8414,189,-6.9094,189,-6.3251
189.5,-1.7941,189.5,-5.2914,189.5,-5.3804,189.5,-3.1307,189.5,-4.9592,189.5,-6.8421,189.5,-6.4838
190,-1.7605,190,-5.4275,190,-5.2866,190,-3.111,190,-5.1074,190,-6.9166,190,-6.6118
190.5,-1.7254,190.5,-5.6191,190.5,-5.1963,190.5,-3.057,190.5,-5.1515,190.5,-7.1534,190.5,-6.6833
191,-1.7665,191,-5.7256,191,-5.0156,191,-3.036,191,-5.1551,191,-7.4269,191,-6.7689
191.5,-1.7593,191.5,-5.9632,191.5,-4.8851,191.5,-2.9781,191.5,-5.1583,191.5,-7.6622,191.5,-6.7692
192,-1.7585,192,-6.1541,192,-4.7206,192,-2.9801,192,-5.0768,192,-7.9587,192,-6.7032
192.5,-1.8253,192.5,-6.2818,192.5,-4.6119,192.5,-2.9056,192.5,-5.0397,192.5,-8.2422,192.5,-6.5616
193,-1.8321,193,-6.3814,193,-4.4918,193,-2.9035,193,-4.9908,193,-8.4706,193,-6.3991
193.5,-1.83,193.5,-6.4002,193.5,-4.373,193.5,-2.9528,193.5,-4.9545,193.5,-8.47,193.5,-6.2361
194,-1.8697,194,-6.3944,194,-4.3193,194,-2.9148,194,-4.9256,194,-8.5423,194,-6.0696
194.5,-1.8589,194.5,-6.2897,194.5,-4.2642,194.5,-2.9736,194.5,-4.9456,194.5,-8.4664,194.5,-5.8145
195,-1.939,195,-6.1726,195,-4.1985,195,-3.0125,195,-4.9391,195,-8.13,195,-5.6555
195.5,-1.9045,195.5,-5.9781,195.5,-4.1717,195.5,-3.0295,195.5,-4.9344,195.5,-7.629,195.5,-5.4191
196,-1.9589,196,-5.8259,196,-4.1383,196,-3.0661,196,-4.9607,196,-7.1444,196,-5.1436
196.5,-1.9504,196.5,-5.72,196.5,-4.0826,196.5,-3.1009,196.5,-4.9598,196.5,-6.6179,196.5,-4.8524
197,-1.9444,197,-5.5687,197,-4.0615,197,-3.0592,197,-4.938,197,-6.1235,197,-4.4725
197.5,-1.9173,197.5,-5.5191,197.5,-4.0233,197.5,-3.0856,197.5,-4.924,197.5,-5.6592,197.5,-4.1441
198,-1.9379,198,-5.4201,198,-3.9154,198,-3.0479,198,-4.8741,198,-5.2749,198,-3.7298
198.5,-1.9127,198.5,-5.383,198.5,-3.8849,198.5,-3.04,198.5,-4.8548,198.5,-4.9161,198.5,-3.4211
199,-1.9385,199,-5.3674,199,-3.8057,199,-3.0137,199,-4.8136,199,-4.5999,199,-3.1575
199.5,-1.9689,199.5,-5.3715,199.5,-3.7131,199.5,-2.9676,199.5,-4.8102,199.5,-4.2867,199.5,-2.9917
200,-2.0046,200,-5.2913,200,-3.6594,200,-2.9326,200,-4.8482,200,-3.9275,200,-2.8777
200.5,-2.0263,200.5,-5.3085,200.5,-3.5954,200.5,-2.8927,200.5,-4.8444,200.5,-3.6122,200.5,-2.8751
201,-2.0409,201,-5.282,201,-3.4469,201,-2.8523,201,-4.8434,201,-3.2779,201,-2.8842
201.5,-2.0922,201.5,-5.2409,201.5,-3.3525,201.5,-2.8402,201.5,-4.8588,201.5,-2.9192,201.5,-2.961
202,-2.1403,202,-5.1644,202,-3.2454,202,-2.8159,202,-4.8433,202,-2.6498,202,-3.0221
202.5,-2.187,202.5,-5.0824,202.5,-3.1678,202.5,-2.8398,202.5,-4.7832,202.5,-2.3882,202.5,-3.0872
203,-2.208,203,-4.9456,203,-3.0443,203,-2.8137,203,-4.6989,203,-2.2932,203,-3.0514
203.5,-2.2821,203.5,-4.7694,203.5,-2.9229,203.5,-2.8533,203.5,-4.6069,203.5,-2.3812,203.5,-3.0286
204,-2.2931,204,-4.6063,204,-2.8091,204,-2.8371,204,-4.4918,204,-2.6496,204,-3.016
204.5,-2.3444,204.5,-4.3819,204.5,-2.7153,204.5,-2.8812,204.5,-4.3858,204.5,-3.1181,204.5,-2.9687
205,-2.3993,205,-4.1829,205,-2.5773,205,-2.875,205,-4.2778,205,-3.676,205,-2.876
205.5,-2.3839,205.5,-4.0231,205.5,-2.4501,205.5,-2.8644,205.5,-4.1309,205.5,-4.2478,205.5,-2.8854
206,-2.3544,206,-3.8385,206,-2.3056,206,-2.8502,206,-4.0399,206,-4.6992,206,-2.8893
206.5,-2.3074,206.5,-3.7086,206.5,-2.1669,206.5,-2.8122,206.5,-3.9156,206.5,-4.9755,206.5,-2.9431
207,-2.2001,207,-3.5682,207,-2.0528,207,-2.8005,207,-3.8195,207,-5.0208,207,-2.9425
207.5,-2.1946,207.5,-3.4534,207.5,-1.9087,207.5,-2.7476,207.5,-3.7191,207.5,-4.8817,207.5,-2.9438
208,-2.1436,208,-3.3963,208,-1.7432,208,-2.6908,208,-3.5895,208,-4.6486,208,-2.8216
208.5,-2.1213,208.5,-3.3452,208.5,-1.5789,208.5,-2.6625,208.5,-3.4996,208.5,-4.3333,208.5,-2.6326
209,-2.1139,209,-3.2859,209,-1.4344,209,-2.5906,209,-3.41,209,-3.9895,209,-2.4113
209.5,-2.1529,209.5,-3.2629,209.5,-1.3198,209.5,-2.5051,209.5,-3.3516,209.5,-3.7335,209.5,-2.2139
210,-2.2136,210,-3.2225,210,-1.2232,210,-2.4687,210,-3.2874,210,-3.5645,210,-2.0289
210.5,-2.1972,210.5,-3.1005,210.5,-1.0756,210.5,-2.4599,210.5,-3.2421,210.5,-3.4543,210.5,-1.9391
211,-2.198,211,-3.0208,211,-0.96116,211,-2.4055,211,-3.1879,211,-3.378,211,-1.8963
211.5,-2.2392,211.5,-2.9352,211.5,-0.89377,211.5,-2.3626,211.5,-3.155,211.5,-3.3365,211.5,-1.9254
212,-2.246,212,-2.8192,212,-0.7638,212,-2.3458,212,-3.0855,212,-3.2466,212,-1.9194
212.5,-2.2322,212.5,-2.7228,212.5,-0.64934,212.5,-2.3181,212.5,-3.0399,212.5,-3.1406,212.5,-1.9016
213,-2.2478,213,-2.5901,213,-0.56017,213,-2.3011,213,-3.001,213,-2.9802,213,-1.8353
213.5,-2.2605,213.5,-2.4767,213.5,-0.45069,213.5,-2.2608,213.5,-2.9276,213.5,-2.775,213.5,-1.7177
214,-2.2625,214,-2.2971,214,-0.35467,214,-2.1962,214,-2.8168,214,-2.5605,214,-1.5809
214.5,-2.234,214.5,-2.1159,214.5,-0.25253,214.5,-2.1569,214.5,-2.733,214.5,-2.3632,214.5,-1.3913
215,-2.2189,215,-1.9204,215,-0.1579,215,-2.1079,215,-2.6219,215,-2.1805,215,-1.2455
215.5,-2.2275,215.5,-1.7139,215.5,-0.049813,215.5,-2.0601,215.5,-2.4979,215.5,-2.0612,215.5,-1.0755
216,-2.1656,216,-1.552,216,-0.014336,216,-1.9912,216,-2.3749,216,-1.9315,216,-0.94269
216.5,-2.0221,216.5,-1.418,216.5,0.13867,216.5,-1.9224,216.5,-2.2416,216.5,-1.8393,216.5,-0.81622
217,-1.941,217,-1.2977,217,0.16019,217,-1.8541,217,-2.1202,217,-1.7596,217,-0.72198
217.5,-1.8163,217.5,-1.2115,217.5,0.24844,217.5,-1.7709,217.5,-2.0008,217.5,-1.6949,217.5,-0.61044
218,-1.7097,218,-1.1917,218,0.32767,218,-1.6909,218,-1.8864,218,-1.5831,218,-0.51967
218.5,-1.574,218.5,-1.1199,218.5,0.41043,218.5,-1.5818,218.5,-1.76,218.5,-1.4821,218.5,-0.40571
219,-1.4882,219,-1.0421,219,0.46777,219,-1.5269,219,-1.6822,219,-1.3816,219,-0.29569
219.5,-1.4232,219.5,-0.93893,219.5,0.55788,219.5,-1.43,219.5,-1.5928,219.5,-1.2696,219.5,-0.18432
220,-1.4035,220,-0.78035,220,0.62545,220,-1.3276,220,-1.508,220,-1.1492,220,-0.060181
220.5,-1.4076,220.5,-0.61415,220.5,0.69831,220.5,-1.2835,220.5,-1.4015,220.5,-1.0273,220.5,0.069592
221,-1.4238,221,-0.41472,221,0.76329,221,-1.2173,221,-1.3605,221,-0.90954,221,0.16375
221.5,-1.4158,221.5,-0.23962,221.5,0.77596,221.5,-1.1987,221.5,-1.2854,221.5,-0.79145,221.5,0.25817
222,-1.3972,222,-0.032825,222,0.82493,222,-1.1739,222,-1.243,222,-0.67096,222,0.35296
222.5,-1.3267,222.5,0.15696,222.5,0.80545,222.5,-1.1764,222.5,-1.2006,222.5,-0.53384,222.5,0.47072
223,-1.2476,223,0.2817,223,0.76466,223,-1.1596,223,-1.1878,223,-0.47791,223,0.52595
223.5,-1.1374,223.5,0.41807,223.5,0.77427,223.5,-1.1482,223.5,-1.1611,223.5,-0.37405,223.5,0.59056
224,-1.039,224,0.57033,224,0.69225,224,-1.1492,224,-1.1217,224,-0.28019,224,0.64351
224.5,-0.95675,224.5,0.65423,224.5,0.66535,224.5,-1.1883,224.5,-1.0505,224.5,-0.24532,224.5,0.67801
225,-0.81035,225,0.77199,225,0.64872,225,-1.1898,225,-0.9458,225,-0.19216,225,0.70444
225.5,-0.82813,225.5,0.82195,225.5,0.63217,225.5,-1.1636,225.5,-0.86891,225.5,-0.13449,225.5,0.72446
226,-0.78738,226,0.949,226,0.58883,226,-1.1693,226,-0.7752,226,-0.11782,226,0.72356
226.5,-0.738,226.5,1.0287,226.5,0.56156,226.5,-1.1728,226.5,-0.70506,226.5,-0.1092,226.5,0.73013
227,-0.61584,227,1.1039,227,0.55764,227,-1.2105,227,-0.61852,227,-0.071006,227,0.71782
227.5,-0.58121,227.5,1.1423,227.5,0.55124,227.5,-1.2052,227.5,-0.55465,227.5,-0.062056,227.5,0.73172
228,-0.52064,228,1.2242,228,0.52158,228,-1.2213,228,-0.49021,228,-0.050687,228,0.76292
228.5,-0.45521,228.5,1.2936,228.5,0.47015,228.5,-1.2242,228.5,-0.39796,228.5,-0.05135,228.5,0.76698
229,-0.47862,229,1.3222,229,0.44884,229,-1.2416,229,-0.33955,229,-0.029737,229,0.80313
229.5,-0.4488,229.5,1.3526,229.5,0.39927,229.5,-1.2538,229.5,-0.27321,229.5,-0.001328,229.5,0.84658
230,-0.5615,230,1.4144,230,0.36046,230,-1.2089,230,-0.22561,230,0.043051,230,0.8452
230.5,-0.55076,230.5,1.4743,230.5,0.35158,230.5,-1.214,230.5,-0.15755,230.5,0.0732,230.5,0.86203
231,-0.56435,231,1.4733,231,0.36487,231,-1.2118,231,-0.11891,231,0.12214,231,0.86024
231.5,-0.48517,231.5,1.5233,231.5,0.34291,231.5,-1.2343,231.5,-0.056189,231.5,0.18323,231.5,0.86214
232,-0.41584,232,1.5654,232,0.33486,232,-1.2107,232,-0.006603,232,0.22602,232,0.82494
232.5,-0.35027,232.5,1.558,232.5,0.36619,232.5,-1.2366,232.5,-0.000474,232.5,0.2716,232.5,0.75276
233,-0.3562,233,1.5778,233,0.35632,233,-1.2318,233,0.033438,233,0.34744,233,0.68496
233.5,-0.42338,233.5,1.564,233.5,0.31657,233.5,-1.2344,233.5,0.070061,233.5,0.40472,233.5,0.61884
234,-0.45637,234,1.5669,234,0.30061,234,-1.1889,234,0.08576,234,0.46052,234,0.52879
234.5,-0.48303,234.5,1.574,234.5,0.26919,234.5,-1.1608,234.5,0.12487,234.5,0.54677,234.5,0.45117
235,-0.4651,235,1.5941,235,0.2455,235,-1.058,235,0.16141,235,0.61227,235,0.36976
235.5,-0.4149,235.5,1.6017,235.5,0.1857,235.5,-0.94507,235.5,0.22505,235.5,0.68551,235.5,0.28724
236,-0.32525,236,1.6057,236,0.20132,236,-0.93125,236,0.25841,236,0.7461,236,0.18242
236.5,-0.20766,236.5,1.6213,236.5,0.24772,236.5,-0.909,236.5,0.30336,236.5,0.79305,236.5,0.15365
237,-0.16976,237,1.6314,237,0.29304,237,-0.87957,237,0.35596,237,0.82116,237,0.085167
237.5,-0.18989,237.5,1.6218,237.5,0.31355,237.5,-0.87252,237.5,0.38001,237.5,0.83063,237.5,0.023466
238,-0.18432,238,1.612,238,0.31039,238,-0.85627,238,0.40273,238,0.80938,238,-0.030753
238.5,-0.2029,238.5,1.6,238.5,0.26888,238.5,-0.84299,238.5,0.4062,238.5,0.79612,238.5,-0.10409
239,-0.24177,239,1.553,239,0.23005,239,-0.82611,239,0.3907,239,0.78308,239,-0.12965
239.5,-0.28358,239.5,1.5194,239.5,0.19151,239.5,-0.80392,239.5,0.39472,239.5,0.76751,239.5,-0.18378
240,-0.31654,240,1.4635,240,0.16926,240,-0.75882,240,0.37216,240,0.71785,240,-0.22544
240.5,-0.32301,240.5,1.4498,240.5,0.13885,240.5,-0.75417,240.5,0.32416,240.5,0.75244,240.5,-0.27654
241,-0.35445,241,1.4079,241,0.10063,241,-0.73069,241,0.30958,241,0.73709,241,-0.31536
241.5,-0.42672,241.5,1.372,241.5,0.13527,241.5,-0.72521,241.5,0.2757,241.5,0.74096,241.5,-0.34828
242,-0.42059,242,1.3442,242,0.12796,242,-0.72815,242,0.25983,242,0.79506,242,-0.36956
242.5,-0.43541,242.5,1.2982,242.5,0.14398,242.5,-0.70714,242.5,0.21528,242.5,0.81962,242.5,-0.3656
243,-0.42993,243,1.3065,243,0.12222,243,-0.67371,243,0.2002,243,0.82966,243,-0.38117
243.5,-0.40774,243.5,1.254,243.5,0.1438,243.5,-0.64029,243.5,0.16431,243.5,0.87366,243.5,-0.35323
244,-0.40378,244,1.2446,244,0.11577,244,-0.55464,244,0.13915,244,0.92749,244,-0.31462
244.5,-0.40976,244.5,1.2036,244.5,0.048696,244.5,-0.45918,244.5,0.097328,244.5,0.93911,244.5,-0.25687
245,-0.43967,245,1.1812,245,0.003556,245,-0.39249,245,0.098974,245,1.0016,245,-0.18512
245.5,-0.41666,245.5,1.1263,245.5,-0.057879,245.5,-0.31993,245.5,0.099774,245.5,1.0436,245.5,-0.096248
246,-0.40853,246,1.1092,246,-0.097163,246,-0.22722,246,0.068728,246,1.1023,246,0.027843
246.5,-0.40916,246.5,1.0219,246.5,-0.12253,246.5,-0.13166,246.5,0.086196,246.5,1.1716,246.5,0.14573
247,-0.42951,247,1.0145,247,-0.10035,247,-0.036519,247,0.068144,247,1.2349,247,0.25655
247.5,-0.38835,247.5,0.99188,247.5,-0.068628,247.5,0.081608,247.5,0.064764,247.5,1.3134,247.5,0.38021
248,-0.38509,248,0.98554,248,-0.034688,248,0.17696,248,0.037817,248,1.3886,248,0.50465
248.5,-0.36364,248.5,0.96898,248.5,-0.010706,248.5,0.29716,248.5,0.017224,248.5,1.4615,248.5,0.61823
249,-0.31659,249,0.96202,249,0.084117,249,0.3697,249,-0.009863,249,1.5257,249,0.73372
249.5,-0.27111,249.5,0.92175,249.5,0.16043,249.5,0.44715,249.5,-0.039409,249.5,1.5422,249.5,0.82622
250,-0.24374,250,0.99685,250,0.24452,250,0.49732,250,-0.071838,250,1.5754,250,0.90359
250.5,-0.24439,250.5,0.93217,250.5,0.30469,250.5,0.52084,250.5,-0.10502,250.5,1.5825,250.5,0.96061
251,-0.18382,251,0.94931,251,0.39724,251,0.57194,251,-0.12675,251,1.5537,251,1.0285
251.5,-0.16352,251.5,0.95403,251.5,0.45331,251.5,0.61422,251.5,-0.15297,251.5,1.5792,251.5,1.0583
252,-0.13075,252,0.95553,252,0.46945,252,0.67065,252,-0.15512,252,1.555,252,1.0954
252.5,-0.1279,252.5,0.97045,252.5,0.52167,252.5,0.68925,252.5,-0.17411,252.5,1.5409,252.5,1.1086
253,-0.046249,253,0.97265,253,0.55344,253,0.71208,253,-0.19714,253,1.5505,253,1.1357
253.5,0.033239,253.5,0.99486,253.5,0.58164,253.5,0.76558,253.5,-0.21936,253.5,1.5494,253.5,1.1649
254,0.081705,254,1.0042,254,0.58548,254,0.79383,254,-0.22058,254,1.5113,254,1.18
254.5,0.10902,254.5,1.0152,254.5,0.64195,254.5,0.81318,254.5,-0.22809,254.5,1.5,254.5,1.2173
255,0.14985,255,1.0308,255,0.68087,255,0.83141,255,-0.24743,255,1.4742,255,1.2048
255.5,0.21086,255.5,1.0497,255.5,0.7084,255.5,0.82498,255.5,-0.23949,255.5,1.4194,255.5,1.2229
256,0.21877,256,1.0454,256,0.73467,256,0.81082,256,-0.24429,256,1.3936,256,1.2233
256.5,0.23262,256.5,1.0642,256.5,0.79043,256.5,0.77849,256.5,-0.2125,256.5,1.3619,256.5,1.1828
257,0.24131,257,1.086,257,0.83306,257,0.77516,257,-0.22942,257,1.3512,257,1.1763
257.5,0.24375,257.5,1.0867,257.5,0.90844,257.5,0.74983,257.5,-0.20474,257.5,1.3108,257.5,1.1528
258,0.20582,258,1.0778,258,0.97446,258,0.75038,258,-0.18069,258,1.3001,258,1.1261
258.5,0.20956,258.5,1.0541,258.5,1.0488,258.5,0.73504,258.5,-0.15808,258.5,1.2774,258.5,1.0885
259,0.18588,259,1.0389,259,1.0826,259,0.71347,259,-0.13676,259,1.274,259,1.0845
259.5,0.11833,259.5,0.97978,259.5,1.1774,259.5,0.73544,259.5,-0.12618,259.5,1.2921,259.5,1.0864
260,0.060385,260,0.98035,260,1.2124,260,0.75267,260,-0.059392,260,1.3185,260,1.0885
260.5,0.014822,260.5,0.94082,260.5,1.2925,260.5,0.78648,260.5,-0.00999,260.5,1.3699,260.5,1.1052
261,-0.06494,261,0.95511,261,1.2866,261,0.8082,261,0.048638,261,1.4215,261,1.1358
261.5,-0.13177,261.5,0.95067,261.5,1.2492,261.5,0.82627,261.5,0.096468,261.5,1.5107,261.5,1.1479
262,-0.18113,262,0.93721,262,1.2585,262,0.84865,262,0.18766,262,1.6024,262,1.1771
262.5,-0.28112,262.5,0.94244,262.5,1.207,262.5,0.92479,262.5,0.25929,262.5,1.7072,262.5,1.201
263,-0.3093,263,0.90969,263,1.1841,263,0.98456,263,0.34378,263,1.7803,263,1.2279
263.5,-0.36778,263.5,0.89651,263.5,1.1607,263.5,1.0408,263.5,0.41601,263.5,1.8436,263.5,1.2506
264,-0.40257,264,0.87744,264,1.1343,264,1.085,264,0.49338,264,1.9219,264,1.2745
264.5,-0.41429,264.5,0.84991,264.5,1.1459,264.5,1.1229,264.5,0.55992,264.5,1.9569,264.5,1.2942
265,-0.44318,265,0.85255,265,1.1734,265,1.1709,265,0.63304,265,1.9611,265,1.2904
265.5,-0.44354,265.5,0.83858,265.5,1.195,265.5,1.1857,265.5,0.69199,265.5,1.9588,265.5,1.3122
266,-0.469,266,0.87363,266,1.2358,266,1.227,266,0.75822,266,1.9219,266,1.3044
266.5,-0.49946,266.5,0.89731,266.5,1.2724,266.5,1.2193,266.5,0.81042,266.5,1.8919,266.5,1.2981
267,-0.53223,267,0.94618,267,1.3071,267,1.2499,267,0.84619,267,1.8292,267,1.2986
267.5,-0.56489,267.5,1.0001,267.5,1.3565,267.5,1.2189,267.5,0.87705,267.5,1.7512,267.5,1.3009
268,-0.61949,268,1.0135,268,1.3636,268,1.2291,268,0.90847,268,1.6937,268,1.3015
268.5,-0.60694,268.5,1.0356,268.5,1.391,268.5,1.2255,268.5,0.95243,268.5,1.6304,268.5,1.2861
269,-0.62879,269,1.01,269,1.3726,269,1.2205,269,0.99601,269,1.5929,269,1.2653
269.5,-0.60398,269.5,1.012,269.5,1.3759,269.5,1.1961,269.5,1.0175,269.5,1.5597,269.5,1.2448
270,-0.58651,270,0.9995,270,1.3675,270,1.1799,270,1.0659,270,1.5538,270,1.2184
270.5,-0.59233,270.5,0.98508,270.5,1.3379,270.5,1.1776,270.5,1.0976,270.5,1.5546,270.5,1.1803
271,-0.56138,271,0.97938,271,1.3364,271,1.1518,271,1.149,271,1.5532,271,1.1556
271.5,-0.55794,271.5,1.0104,271.5,1.3141,271.5,1.1664,271.5,1.1782,271.5,1.5605,271.5,1.166
272,-0.54474,272,1.0292,272,1.3161,272,1.1889,272,1.2398,272,1.5803,272,1.1888
272.5,-0.52004,272.5,1.0324,272.5,1.3206,272.5,1.2037,272.5,1.2685,272.5,1.6146,272.5,1.2403
273,-0.49222,273,1.0732,273,1.3077,273,1.2501,273,1.3484,273,1.6398,273,1.2915
273.5,-0.47353,273.5,1.0909,273.5,1.3256,273.5,1.2777,273.5,1.3782,273.5,1.6806,273.5,1.3557
274,-0.41931,274,1.0901,274,1.3049,274,1.3101,274,1.4473,274,1.7341,274,1.4548
274.5,-0.39549,274.5,1.1359,274.5,1.3282,274.5,1.364,274.5,1.482,274.5,1.7645,274.5,1.5567
275,-0.37445,275,1.1678,275,1.363,275,1.423,275,1.546,275,1.823,275,1.649
275.5,-0.31119,275.5,1.1927,275.5,1.3561,275.5,1.4465,275.5,1.5816,275.5,1.8859,275.5,1.7407
276,-0.26546,276,1.222,276,1.399,276,1.5536,276,1.6277,276,1.937,276,1.8234
276.5,-0.26398,276.5,1.2699,276.5,1.4488,276.5,1.6054,276.5,1.6764,276.5,1.9911,276.5,1.8983
277,-0.21528,277,1.3179,277,1.5079,277,1.6821,277,1.7131,277,2.0446,277,1.9858
277.5,-0.17901,277.5,1.3303,277.5,1.5306,277.5,1.7218,277.5,1.7405,277.5,2.0911,277.5,2.0582
278,-0.13461,278,1.3631,278,1.582,278,1.7842,278,1.7745,278,2.1433,278,2.1169
278.5,-0.063621,278.5,1.4101,278.5,1.6056,278.5,1.8014,278.5,1.8088,278.5,2.138,278.5,2.1653
279,-0.025603,279,1.4598,279,1.6377,279,1.8289,279,1.815,279,2.1722,279,2.198
279.5,0.031081,279.5,1.4723,279.5,1.663,279.5,1.8351,279.5,1.8291,279.5,2.1611,279.5,2.2417
280,0.10811,280,1.547,280,1.6695,280,1.8427,280,1.8607,280,2.1275,280,2.2411
280.5,0.14057,280.5,1.5535,280.5,1.6955,280.5,1.8208,280.5,1.8813,280.5,2.0819,280.5,2.2391
281,0.18801,281,1.5822,281,1.6963,281,1.8339,281,1.8771,281,2.0434,281,2.2406
281.5,0.195,281.5,1.6166,281.5,1.7231,281.5,1.7761,281.5,1.8697,281.5,1.993,281.5,2.2348
282,0.22489,282,1.6365,282,1.7372,282,1.7327,282,1.9,282,1.9491,282,2.2028
282.5,0.26416,282.5,1.6361,282.5,1.7423,282.5,1.6802,282.5,1.8839,282.5,1.9087,282.5,2.1661
283,0.29711,283,1.6367,283,1.7542,283,1.6303,283,1.8831,283,1.8772,283,2.1058
283.5,0.33225,283.5,1.6837,283.5,1.7727,283.5,1.5556,283.5,1.8793,283.5,1.8658,283.5,2.0659
284,0.3371,284,1.6771,284,1.8036,284,1.5173,284,1.8745,284,1.849,284,1.9772
284.5,0.32959,284.5,1.7274,284.5,1.834,284.5,1.4437,284.5,1.8622,284.5,1.8559,284.5,1.9202
285,0.36027,285,1.7822,285,1.8749,285,1.3718,285,1.8514,285,1.8722,285,1.879
285.5,0.34421,285.5,1.8142,285.5,1.8952,285.5,1.3102,285.5,1.8423,285.5,1.8687,285.5,1.819
286,0.33613,286,1.8525,286,1.9116,286,1.2923,286,1.8309,286,1.8851,286,1.7675
286.5,0.34263,286.5,1.8573,286.5,1.9212,286.5,1.2761,286.5,1.8126,286.5,1.8944,286.5,1.711
287,0.35024,287,1.8693,287,1.9049,287,1.2745,287,1.8019,287,1.926,287,1.682
287.5,0.34168,287.5,1.8789,287.5,1.9183,287.5,1.279,287.5,1.7999,287.5,1.9368,287.5,1.6492
288,0.36435,288,1.9001,288,1.915,288,1.3277,288,1.7918,288,1.952,288,1.6523
288.5,0.39248,288.5,1.9132,288.5,1.9137,288.5,1.3461,288.5,1.7944,288.5,1.9767,288.5,1.6518
289,0.41247,289,1.9035,289,1.9331,289,1.4064,289,1.8106,289,1.9955,289,1.7114
289.5,0.40227,289.5,1.9297,289.5,1.9219,289.5,1.4546,289.5,1.8338,289.5,2.0134,289.5,1.7301
290,0.43545,290,1.9467,290,1.9465,290,1.512,290,1.8643,290,2.0166,290,1.8115
290.5,0.45257,290.5,1.9638,290.5,1.9476,290.5,1.583,290.5,1.8875,290.5,2.0245,290.5,1.8561
291,0.48325,291,1.952,291,1.9422,291,1.6405,291,1.9316,291,2.0036,291,1.9146
291.5,0.49766,291.5,1.9472,291.5,1.9561,291.5,1.7002,291.5,1.9593,291.5,1.9956,291.5,1.9737
292,0.51848,292,1.9379,292,1.9515,292,1.7746,292,2.0103,292,1.9835,292,2.0415
292.5,0.54881,292.5,1.9344,292.5,1.9459,292.5,1.7969,292.5,2.0363,292.5,1.9714,292.5,2.1088
293,0.54186,293,1.8692,293,1.9328,293,1.859,293,2.0648,293,1.9474,293,2.1692
293.5,0.56845,293.5,1.8276,293.5,1.9291,293.5,1.8626,293.5,2.0895,293.5,1.968,293.5,2.2436
294,0.58034,294,1.7906,294,1.9385,294,1.8896,294,2.1042,294,1.9867,294,2.2762
294.5,0.60628,294.5,1.7664,294.5,1.9599,294.5,1.9065,294.5,2.1293,294.5,2.009,294.5,2.3218
295,0.62492,295,1.694,295,1.9301,295,1.9181,295,2.1627,295,2.0384,295,2.3685
295.5,0.64417,295.5,1.652,295.5,1.9693,295.5,1.9461,295.5,2.1819,295.5,2.0601,295.5,2.4109
296,0.6891,296,1.6326,296,1.964,296,1.9483,296,2.1836,296,2.0807,296,2.4344
296.5,0.72065,296.5,1.5921,296.5,1.9654,296.5,1.9963,296.5,2.1952,296.5,2.0916,296.5,2.4568
297,0.75672,297,1.544,297,1.931,297,2.0002,297,2.2015,297,2.1132,297,2.48
297.5,0.78234,297.5,1.5118,297.5,1.9038,297.5,2.0228,297.5,2.2155,297.5,2.1099,297.5,2.5177
298,0.78776,298,1.4943,298,1.8766,298,2.0452,298,2.1843,298,2.1136,298,2.5551
298.5,0.80998,298.5,1.4698,298.5,1.8357,298.5,2.098,298.5,2.1948,298.5,2.1204,298.5,2.572
299,0.85409,299,1.459,299,1.8081,299,2.1324,299,2.1915,299,2.117,299,2.5797
