12FF, , 13FM, , 14FF, , 15FM, , 18FM, , 19FM, , 20FM, , 22FM, 
0, 0, 0, 0, 0, 0, 0, 0, 0, 0, 0, 0, 0, 0, 0, 0
0.013831987, 18.81563412, 0.04769716, 26.60020424, 0.018189038, 20.87732672, 0.009814396, 24.94637982, 0.011444716, 32.10521325, 0.040976802, 16.48840906, 0.009572474, 26.94692542, 0.0017, 25.53672574
0.028414233, 33.08806442, 0.077409262, 45.91455271, 0.033137674, 39.53585618, 0.018286879, 44.69044562, 0.019426634, 57.97899033, 0.074032402, 33.48776386, 0.009974715, 52.51897039, 0.003666218, 46.51828926
0.046134315, 45.32036019, 0.105164135, 62.31447923, 0.044450196, 58.69474891, 0.035227481, 67.68786921, 0.022246797, 79.00062474, 0.101053191, 49.75246952, 0.00854285, 68.52700491, 0.006639079, 63.15135021
0.06538307, 63.10828523, 0.131963468, 80.26380912, 0.052989639, 77.02343991, 0.048971179, 86.53481779, 0.025467749, 95.56480944, 0.127448882, 67.79031321, 0.011837379, 88.59528769, 0.009005287, 80.1326717
0.078379702, 77.59422826, 0.151582835, 96.45186188, 0.066645187, 96.91560819, 0.060586596, 105.9067694, 0.028314157, 110.2053977, 0.139765983, 86.16892385, 0.013930003, 109.8367783, 0.009166747, 94.93849399
0.095252839, 91.50150409, 0.174424818, 112.0426963, 0.073223135, 114.5032709, 0.072043778, 121.9561126, 0.028476932, 125.2057623, 0.156426456, 102.8848381, 0.017704615, 127.2786788, 0.009326131, 109.5540101
0.11129908, 107.2859045, 0.197526448, 127.6020195, 0.083558476, 135.3737977, 0.08468004, 137.4373825, 0.032724225, 139.58597, 0.173221824, 119.9899206, 0.01859081, 143.4419198, 0.01166657, 124.1722928
0.129448226, 120.7838166, 0.220365106, 143.4222743, 0.093056713, 159.4936288, 0.094337054, 151.6951646, 0.037545936, 159.0500474, 0.18644119, 135.9347755, 0.018958591, 157.5794418, 0.015033538, 140.3379019
0.14776723, 137.5035845, 0.239987799, 159.3809068, 0.105199873, 177.3765016, 0.106866533, 168.165449, 0.038547914, 176.8647279, 0.201044462, 151.1775403, 0.020336572, 174.9686059, 0.017605838, 156.574931
0.165755262, 153.1749463, 0.266187345, 174.8180716, 0.112579157, 194.9633201, 0.124166301, 186.8860298, 0.041667783, 188.8195248, 0.21358379, 168.4866026, 0.023442451, 199.4774587, 0.023335403, 175.7647985
0.184865866, 169.0688838, 0.289907124, 191.6225339, 0.119205719, 214.0506877, 0.140305596, 205.525645, 0.041648191, 202.7659766, 0.224585681, 185.2936761, 0.026741165, 219.5387591, 0.025075561, 195.0563731
0.202193555, 184.8108038, 0.31273475, 208.2040471, 0.128445047, 230.8322043, 0.154499939, 224.5948641, 0.045571013, 220.4894034, 0.232969673, 202.0771825, 0.030979064, 231.4963953, 0.024330426, 211.1951475
0.220750231, 196.9708983, 0.332338551, 225.4662041, 0.138048608, 251.0316878, 0.17045298, 242.4824107, 0.054053047, 238.4319544, 0.237972661, 217.4918029, 0.03678501, 249.8199673, 0.027465275, 228.6200563
0.239248565, 211.8485332, 0.356827584, 241.868987, 0.141036608, 271.4149411, 0.189083112, 260.6647448, 0.055904372, 253.9078262, 0.248061741, 232.1156792, 0.033638102, 262.2794227, 0.028318327, 242.7144768
0.254819656, 227.3657746, 0.383125593, 259.74192, 0.150144413, 287.8736882, 0.203341743, 276.2880837, 0.058046852, 269.9405044, 0.253626125, 248.1688677, 0.036049774, 280.8582056, 0.030658766, 257.3327595
0.271646872, 241.3785341, 0.401251456, 278.7056652, 0.154563805, 303.925267, 0.215778966, 291.6523338, 0.070252501, 292.5409825, 0.259852, 267.3642508, 0.043647757, 296.1880673, 0.035064082, 276.1294656
0.292994944, 256.0555235, 0.418996187, 298.0792353, 0.152747128, 318.5352188, 0.231391841, 308.1362363, 0.074541606, 312.0877393, 0.261061821, 281.310611, 0.04169, 319.7664038, 0.038442139, 299.0571745
0.314592098, 271.5191604, 0.438368829, 313.4071886, 0.16233121, 336.2627105, 0.251195645, 323.4904811, 0.077315898, 331.0176893, 0.264275045, 293.7649131, 0.04626383, 343.0969031, 0.04263729, 323.6981578
0.330169073, 284.4761734, 0.455076183, 330.2219824, 0.169362767, 357.3133044, 0.270654493, 341.9041909, 0.082214696, 357.1768923, 0.26910464, 312.9607646, 0.05134202, 360.4004506, 0.051905109, 348.7054224
0.349203333, 300.0247709, 0.470968733, 349.6057723, 0.176063867, 381.0725879, 0.286570723, 360.8765818, 0.083070042, 378.25102, 0.266788696, 324.1267066, 0.054683466, 374.4799881, 0.059317688, 368.2363806
0.370783853, 314.3661764, 0.488270019, 364.7843303, 0.184084047, 400.0897288, 0.304793049, 377.4075065, 0.08703266, 401.7172927, 0.266713406, 338.8082097, 0.056290412, 389.2579761, 0.06451139, 385.2596982
0.392945744, 328.6137188, 0.50664396, 381.3881572, 0.196502773, 417.9857616, 0.325414247, 391.7972159, 0.090387174, 419.490037, 0.268894793, 353.8810852, 0.058140102, 400.4999256, 0.071710568, 397.3264644
0.41737147, 343.5687601, 0.52044025, 398.4388421, 0.206264229, 436.4313313, 0.341443361, 410.0369721, 0.096107502, 434.8701442, 0.268821968, 368.081944, 0.059207237, 414.9471805, 0.075064495, 416.8381031
0.435770515, 357.9084722, 0.53416013, 417.5102006, 0.215804418, 455.3985396, 0.360875765, 426.3891344, 0.094201555, 455.5367869, 0.269472462, 388.0499087, 0.060696582, 427.7220652, 0.081552369, 435.6892341
0.457686375, 371.5751531, 0.557612582, 434.8761162, 0.232769078, 476.803906, 0.380299297, 441.997787, 0.104407127, 469.0840493, 0.270893949, 404.4888788, 0.063400965, 442.7274853, 0.092203813, 452.2816815
0.482389409, 386.8913366, 0.571499121, 452.2029981, 0.247806717, 496.5467613, 0.403689876, 458.7949475, 0.105204533, 491.1020939, 0.274951622, 420.7217431, 0.061476129, 457.6878441, 0.100086049, 468.6904103
0.505145234, 401.8925753, 0.583333802, 467.2220953, 0.262904058, 514.7863114, 0.423386261, 475.1853224, 0.117431121, 513.5038745, 0.277511213, 435.4520278, 0.064352246, 479.2947478, 0.107996668, 484.2727139
0.529825004, 415.6392045, 0.59825009, 484.2198296, 0.277969122, 528.9298392, 0.447033997, 491.4489622, 0.118314355, 533.0912996, 0.279687893, 451.4424973, 0.067072454, 494.9084958, 0.116549696, 502.6515647
0.552573849, 430.1695769, 0.612800826, 499.6145686, 0.295405976, 544.4304583, 0.470919433, 505.5484881, 0.120411632, 548.0437819, 0.281033824, 470.0739769, 0.07188638, 511.0047399, 0.125953383, 522.6606909
0.578649289, 443.3132789, 0.629476419, 518.6207736, 0.305768336, 561.0471153, 0.494819502, 520.8742554, 0.126839603, 569.2264446, 0.287504153, 486.8287419, 0.071321773, 528.2469413, 0.136861781, 538.8122707
0.607121741, 456.874789, 0.648827412, 535.442566, 0.329499724, 576.329066, 0.520297499, 535.9304512, 0.133700275, 589.2223838, 0.28583243, 501.1802235, 0.075506945, 552.2771909, 0.149407048, 555.0420482
0.634626673, 471.6974545, 0.668223518, 549.1515417, 0.353233857, 591.9594182, 0.552080131, 549.3150185, 0.140110584, 612.5879646, 0.28911211, 522.3075497, 0.07724554, 574.6332391, 0.158410645, 570.5496168
0.662527767, 487.3725117, 0.694148923, 563.0190486, 0.377601538, 606.2715716, 0.583883507, 564.4378597, 0.153829867, 635.7515592, 0.299529938, 546.2326747, 0.078582033, 590.483559, 0.172735918, 587.9814709
0.68695609, 501.6291082, 0.715430358, 578.3325342, 0.405421667, 622.8838561, 0.610967361, 581.564891, 0.156717602, 653.8553361, 0.307619987, 570.2848655, 0.084030611, 602.3644441, 0.189045941, 607.3877502
0.715637321, 514.4903285, 0.74687706, 594.6012509, 0.435893541, 637.4675368, 0.642754347, 595.314254, 0.165488001, 671.2866925, 0.316372231, 589.7786772, 0.086218542, 617.0659128, 0.206145274, 627.1629508
0.745755584, 528.1950084, 0.783087613, 607.0050471, 0.471760111, 651.7852589, 0.676126394, 609.3917833, 0.173179861, 686.1762441, 0.321811842, 605.6936029, 0.086069823, 634.8558521, 0.227539344, 644.7056295
0.776874499, 542.134531, 0.820295873, 614.9499729, 0.509612972, 661.3433761, 0.709495294, 623.2056048, 0.181717987, 707.9572645, 0.331979932, 624.9306866, 0.092686721, 656.7237018, 0.251015616, 661.1573382
0.809281532, 556.4816991, 0.857556841, 619.2580651, 0.547459426, 670.0885564, 0.742892515, 639.3927966, 0.195461923, 726.8661093, 0.34193666, 645.3429383, 0.097169525, 673.3783663, 0.271225512, 675.7272417
0.840420554, 571.7777652, 0.894829711, 622.7449367, 0.585295813, 677.5562644, 0.776278723, 654.6570111, 0.208433005, 751.7710277, 0.355651004, 662.6433749, 0.105148108, 692.6947684, 0.298066508, 689.986308
0.871526308, 584.8293685, 0.932117882, 625.1759535, 0.623112067, 682.4690279, 0.809646837, 668.4049056, 0.222623722, 771.3305043, 0.368867102, 679.2254478, 0.114408382, 713.3826811, 0.323075571, 705.1553214
0.904905569, 597.4937202, 0.969424757, 626.3164808, 0.660921915, 686.5688546, 0.844139939, 683.6768824, 0.235956886, 787.6448185, 0.386120351, 691.5730468, 0.1263438, 727.4249155, 0.350864734, 719.9482428
0.93928329, 610.2449282, 1.006735031, 627.2223738, 0.698734508, 691.0170827, 0.880057735, 699.0881817, 0.252812371, 803.2102944, 0.399218874, 706.6131567, 0.136004319, 742.9710715, 0.384015368, 735.4048832
0.973653013, 622.4566019, 1.044024903, 629.5360733, 0.736538865, 694.4201063, 0.912614377, 714.698388, 0.272985528, 819.4526684, 0.414065401, 723.3595469, 0.152623612, 759.1593513, 0.421827985, 746.3001518
1.008049126, 636.4487389, 1.081316476, 631.7324556, 0.774332239, 696.4295237, 0.952632217, 725.5797437, 0.300668802, 833.9073674, 0.436312845, 740.6018953, 0.171777898, 773.9582403, 0.459604492, 753.8840925
1.042411652, 648.1748316, 1.118609748, 633.8115207, 0.812119208, 697.6260043, 0.990646751, 731.1977352, 0.32904165, 848.7286493, 0.458821189, 755.9068919, 0.195675296, 788.6878305, 0.497366057, 760.0978285
1.075768842, 659.3500686, 1.15589792, 636.2425374, 0.849898856, 697.8934142, 1.028624113, 733.7006781, 0.367579547, 860.9056448, 0.481949433, 770.4522746, 0.222577494, 803.9144608, 0.535107698, 764.4846251
1.111257833, 670.1883348, 1.193170789, 639.729409, 0.887676673, 697.9285563, 1.066546405, 731.588734, 0.405295826, 871.4761506, 0.510312192, 782.4347682, 0.248302725, 819.7217676, 0.572834398, 767.501217
1.145623922, 680.6762771, 1.230447059, 642.9816463, 0.925437102, 695.7571555, 1.104427394, 726.0156247, 0.443198408, 878.5889373, 0.542691158, 795.5380621, 0.278642717, 834.1890515, 0.610548645, 769.3759717
1.179108078, 692.2852347, 1.267726729, 645.9992491, 0.963196616, 693.4696208, 1.142301499, 719.8656546, 0.481049477, 883.3527736, 0.58052838, 806.9381735, 0.308618975, 850.6399002, 0.648259157, 770.9081753
1.214161105, 702.5429743, 1.304989397, 650.190024, 1.000957045, 691.2982199, 1.180171475, 713.3695679, 0.518833581, 885.0629743, 0.616614527, 817.2309895, 0.340529851, 866.1912556, 0.685928578, 768.6723161
1.249330853, 711.064688, 1.342229962, 655.9059228, 1.038720219, 689.4752206, 1.218068985, 709.1809247, 0.556584202, 885.2463573, 0.652707144, 826.2621139, 0.374422319, 882.1925309, 0.723579321, 764.7237011
1.280633227, 718.1599839, 1.379477328, 661.1525527, 1.076465091, 685.3295445, 1.25594309, 703.0309546, 0.594332247, 885.3122927, 0.688814466, 832.4257571, 0.409982782, 897.0807915, 0.761216366, 759.5190653
1.317496431, 725.6035389, 1.416726394, 666.2818653, 1.114208132, 680.9516006, 1.293819949, 697.1117288, 0.632082868, 885.4956757, 0.724929434, 837.0983102, 0.448200064, 913.2859693, 0.798845941, 753.6293271
1.35139049, 734.5561977, 1.453966958, 671.9977641, 1.151957579, 677.3865937, 1.331713329, 692.576969, 0.669823186, 885.2092686, 0.761052049, 840.2797731, 0.485476761, 922.9854188, 0.836482987, 748.4246912
1.385681842, 741.4804349, 1.491207523, 677.7136629, 1.189711602, 674.402256, 1.369642505, 691.0418858, 0.707511992, 882.5739111, 0.797183487, 841.7407474, 0.52264268, 928.4265734, 0.874120033, 743.2200553
1.419963597, 747.7572309, 1.528446387, 683.5468788, 1.227463794, 671.1856506, 1.407585448, 690.6605244, 0.745193072, 879.586211, 0.833314337, 843.3164209, 0.55973167, 930.9105788, 0.91176704, 738.9288892
1.45425335, 754.5735613, 1.565702254, 688.2069226, 1.265215072, 667.8529113, 1.445536652, 690.9713959, 0.782843244, 875.1891407, 0.86946048, 841.9099141, 0.596765272, 931.2654367, 0.949405331, 733.838437
1.488531907, 760.6345435, 1.60295132, 693.3362353, 1.302970925, 665.1008412, 1.483501623, 692.4359892, 0.820524324, 872.2014406, 0.905609565, 839.929911, 0.633725021, 928.7814313, 0.987052339, 729.5472709
1.522813662, 766.9113395, 1.640171482, 700.4599406, 1.340745997, 664.7875819, 1.521503766, 697.0156312, 0.858220857, 869.9184256, 0.941762766, 837.1470133, 0.670598611, 922.9854188, 1.024706817, 725.9412071
1.557103415, 773.7276699, 1.677413747, 706.0585222, 1.378520153, 664.3581887, 1.559483882, 699.7493184, 0.895886483, 866.2260404, 0.977908321, 835.8552057, 0.707386039, 913.8773992, 1.062368767, 723.0202456
1.591378773, 779.5728384, 1.714661112, 711.3051521, 1.416301631, 664.8578662, 1.597473635, 703.2906108, 0.93358044, 863.8255779, 1.014057994, 833.7605034, 0.743175854, 902.0014879, 1.100031961, 720.2134678
1.624463459, 785.177582, 1.751928881, 715.1439754, 1.454113309, 669.1899605, 1.635468895, 707.2933919, 0.971266671, 861.0727729, 1.050205901, 832.0098988, 0.774566562, 887.0659128, 1.137700137, 717.8634249
1.658760498, 792.4854881, 1.78919495, 719.1001159, 1.49194146, 675.612464, 1.673482053, 712.7960113, 1.009017292, 861.2561559, 1.086352633, 830.4886928, 0.811977286, 872.2670238, 1.175375784, 716.1984843
1.694264025, 801.1008981, 1.826488222, 721.179181, 1.529772356, 682.3833689, 1.711488327, 717.7217697, 1.046762761, 861.2046438, 1.122500541, 828.7380882, 0.840982529, 855.9536699, 1.213053921, 714.7619112
1.728987538, 808.3490833, 1.863796797, 722.2023911, 1.567609659, 689.9672108, 1.749491847, 722.4167839, 1.084495353, 860.5658941, 1.158635508, 829.510867, 0.871608303, 842.63285, 1.250728322, 712.9827869
1.76287392, 816.7837892, 1.901120674, 722.1697463, 1.605450622, 698.0155881, 1.787502251, 727.6886589, 1.122217642, 859.4573544, 1.194779298, 828.5631571, 0.90484202, 828.8804812, 1.288406459, 711.5462137
1.797176468, 824.4633745, 1.93843945, 722.4890532, 1.643280603, 704.6703592, 1.825529177, 734.345, 1.159945082, 858.5837096, 1.230919559, 828.3036427, 0.939150089, 819.0646233, 1.326080861, 709.7670894
1.8314675, 831.3660303, 1.975776929, 721.5178707, 1.681084045, 707.9572489, 1.863547841, 740.309108, 1.197669947, 857.5926174, 1.267054527, 829.0764216, 0.97767748, 807.6565987, 1.363758998, 708.3305163
1.868662101, 841.9462299, 2.013121209, 720.0774193, 1.718834407, 704.5083758, 1.901565129, 746.1578439, 1.235348451, 854.4874698, 1.303193023, 829.1610049, 1.014443369, 797.7205773, 1.40144087, 707.2364943
1.900137692, 851.1170103, 2.050468889, 718.4023335, 1.753296266, 692.3253543, 1.939590678, 752.6988128, 1.273021804, 851.1474272, 1.339336814, 828.213295, 1.051280032, 790.5051332, 1.439148892, 708.5403304
1.932628451, 860.1290413, 2.087777464, 719.4255436, 1.771383827, 681.4467939, 1.977638255, 761.0857365, 1.310651371, 845.8107767, 1.375488251, 825.774495, 1.088147467, 784.4725487, 1.476841971, 708.4739619
1.967156617, 871.5888828, 2.125084338, 720.566071, 1.798183048, 668.3803681, 2.015670687, 768.2035663, 1.34828609, 840.7090212, 1.411654981, 820.3535147, 1.125064136, 780.3325398, 1.514528824, 707.8366748
2.003153296, 881.4394796, 2.162365709, 723.4663566, 1.822301149, 651.0208621, 2.05371138, 776.0136291, 1.385597713, 832.8272166, 1.447835828, 812.1797525, 1.162023886, 777.8485344, 1.552211942, 706.8568365
2.037694156, 889.1791395, 2.199619875, 728.2437176, 1.846444276, 636.8370888, 2.091746566, 783.3622033, 1.423382962, 822.6365264, 1.48402491, 802.4002008, 1.199063642, 778.4399643, 1.589906267, 706.9046518
2.071071356, 898.5008016, 2.236564785, 736.4756456, 1.883512927, 628.5944563, 2.130442219, 791.85341, 1.460870871, 810.8402623, 1.520218109, 791.8177545, 1.236134169, 780.2142538, 1.627584404, 705.4680786
2.10680431, 906.5768036, 2.273210074, 747.4973429, 1.921255053, 624.1003787, 2.170719966, 802.8331161, 1.483799408, 802.1190627, 1.545855057, 784.3027385, 1.27326624, 784.3542628, 1.665274993, 705.1733427
2.139196274, 913.5000298, 2.312236014, 758.7880877, 1.959053003, 626.6904653, 2.206413197, 812.675932, 1.515795044, 793.2805988, 1.579000589, 780.7576888, 1.310429082, 789.6771314, 1.702975543, 705.7920765
2.174704422, 922.4271708, 2.346289712, 771.3211417, 1.996861936, 630.6741581, 2.244346687, 822.8594911, 1.546129014, 782.779371, 1.615141439, 780.3834752, 1.347653467, 797.3657194, 1.740667377, 705.6115242
2.207794617, 928.4035936, 2.383561556, 787.6531554, 2.034685511, 636.5159924, 2.282670074, 836.8867794, 1.582751005, 774.5283736, 1.651255231, 785.2854267, 1.384874776, 804.9360214, 1.77835423, 704.9742371
2.241106064, 933.2890845, 2.422500481, 801.3711083, 2.072539287, 646.1902434, 2.32022546, 849.8935358, 1.62030588, 765.785745, 1.689952176, 794.676123, 1.422089929, 812.2697515, 1.816039839, 704.2227663
2.277540092, 940.6101176, 2.459696839, 810.1372547, 2.110384826, 654.8192898, 2.357864461, 863.7918442, 1.657919994, 759.7444094, 1.722210581, 806.0132406, 1.45928662, 818.8937658, 1.853727937, 703.6996629
2.311791459, 944.8366831, 2.496930603, 816.3224223, 2.148235856, 664.1451393, 2.394410757, 876.978599, 1.695572742, 755.4647866, 1.757695188, 818.4134858, 1.496489465, 825.754352, 1.891421016, 703.6332944
2.34603163, 948.3079006, 2.534194971, 820.39588, 2.186081394, 672.7741858, 2.427131926, 893.2982742, 1.733284728, 753.8864568, 1.795593347, 827.7183825, 1.533670771, 831.7869365, 1.929115341, 703.6811096
2.380262204, 951.1316768, 2.571500145, 821.6537246, 2.223939746, 683.029106, 2.463207103, 906.7552208, 1.771014744, 753.1302596, 1.831695963, 834.7996197, 1.570827458, 836.8732331, 1.966819627, 704.6423946
2.414505574, 954.818708, 2.608849526, 819.8613216, 2.261804503, 694.0969632, 2.500218609, 921.0694564, 1.808796272, 754.7230128, 1.867800344, 841.5367592, 1.607956452, 840.8949561, 2.004513951, 704.6902098
2.448715356, 956.239695, 2.646210808, 817.2476981, 2.299664685, 704.5841511, 2.53470353, 935.6557928, 1.846606132, 757.6076887, 1.903899431, 849.3061918, 1.645103908, 845.6263949, 2.042200805, 704.0529227
2.482923539, 957.5527752, 2.683573791, 814.5167573, 2.339360779, 715.0085285, 2.575955533, 941.5509701, 1.884454626, 762.2540775, 1.939992636, 858.2226169, 1.682165204, 847.0458265, 2.079892639, 703.8723705
2.517120526, 958.1105072, 2.720931673, 812.1377682, 2.374312064, 725.5892014, 2.605338415, 932.1092058, 1.922287666, 766.1957811, 1.977523619, 867.0544266, 1.719211114, 847.8738283, 2.117586963, 703.9201857
2.551322311, 958.9919599, 2.758275952, 810.6973169, 2.413273599, 739.645864, 2.625593987, 920.2761511, 1.960115555, 769.9025897, 2.014873243, 879.2189076, 1.756223176, 847.4006844, 2.155281288, 703.9680009
2.585528895, 960.1971332, 2.79560153, 810.5473549, 2.449540792, 747.7314882, 2.663257232, 921.7515131, 1.997891932, 771.2604479, 2.048770503, 889.4535514, 1.793259854, 847.8738283, 2.192975612, 704.0158161
2.619711487, 959.7837034, 2.832905004, 811.9225166, 2.486627724, 759.9676939, 2.691495587, 939.2620503, 2.035658006, 772.148516, 2.082387828, 902.0031466, 1.830247298, 846.4543967, 2.230681143, 705.0912848
2.653871687, 957.8595776, 2.870172772, 815.76134, 2.526471607, 772.5006678, 2.711093587, 955.438085, 2.073436959, 773.6238217, 2.113279918, 918.4097552, 1.867210125, 844.0886773, 2.268379203, 705.4816512
2.688023891, 955.3959174, 2.907440541, 819.6001633, 2.564762829, 787.7497093, 2.730950065, 973.198808, 2.111182428, 773.5723096, 2.145480071, 931.4258086, 1.904114486, 839.4755245, 2.306090961, 707.1280384
2.722161699, 951.9610954, 2.945993509, 824.1808621, 2.605418326, 798.8623926, 2.750758853, 990.9782214, 2.148945927, 774.3429302, 2.183478544, 946.3377522, 1.94101577, 834.7440857, 2.343805208, 709.0027932
2.756315502, 949.605342, 2.981908068, 831.9704985, 2.64049875, 810.6983604, 2.786845553, 997.6573416, 2.186696548, 774.5263131, 2.219605276, 948.7163204, 1.977892436, 829.0663592, 2.381529417, 711.7910176
2.79042932, 944.551917, 3.02041154, 839.9664318, 2.675639075, 825.5960719, 2.824729296, 992.3149767, 2.224498681, 777.0586465, 2.255766124, 944.4423325, 2.014719868, 821.4960571, 2.419264833, 715.6068956
2.824269816, 937.076456, 3.056309286, 848.9162051, 2.712675246, 841.3781576, 2.862690137, 993.4334534, 2.262329145, 780.8829026, 2.292210812, 933.7577221, 2.051724749, 810.8634628, 2.456992777, 718.7376712
2.855711375, 927.9331696, 3.091695067, 857.4232334, 2.7483582, 855.2234348, 2.89917173, 1003.09094, 2.300172488, 785.2943963, 2.316120278, 920.5346966, 2.088242414, 801.2691564, 2.494738154, 723.4670189
2.878361154, 918.3056213, 3.129884938, 869.1735443, 2.782639617, 870.9874736, 2.926252831, 1019.987226, 2.338028708, 790.2931277, 2.344799402, 907.0528103, 2.124983685, 790.3868472, 2.532461118, 726.1410597
2.903198926, 912.1322301, 3.167808247, 881.4324565, 2.815808687, 885.4188193, 2.95711627, 1032.785722, 2.375902958, 796.1139916, 2.368970866, 891.6783276, 2.161669568, 777.3753906, 2.57017163, 727.6732633
2.918226983, 900.8700453, 3.206802714, 891.3180471, 2.849523755, 899.9936059, 2.997902081, 1039.611082, 2.413800388, 802.9918833, 2.391393046, 874.8473541, 2.188452036, 763.7402443, 2.60790331, 731.1465901
2.939206126, 890.6565174, 3.244946186, 902.6929883, 2.885224018, 912.962244, 3.02523671, 1033.586274, 2.451708121, 810.339565, 2.409797209, 858.5193056, 2.223882997, 751.0083727, 2.645649933, 735.9901215
2.957343436, 874.5234314, 3.27930988, 913.7643523, 2.924747538, 927.0957684, 3.038509252, 1019.575301, 2.489602975, 817.1000091, 2.427939688, 844.2815415, 2.248600524, 738.8614789, 2.683407762, 741.8613064
2.964406751, 860.9094518, 3.318354572, 929.1264951, 2.961533444, 941.0814311, 3.048166476, 1005.457806, 2.527515859, 824.6825859, 2.446338885, 828.9220645, 2.27564013, 728.6415712, 2.721199211, 750.8154517
2.979148605, 846.3561524, 3.353072533, 942.5796173, 3.000557587, 959.4512608, 3.065807269, 988.3991148, 2.565982102, 832.6726627, 2.46875662, 812.9577074, 2.295181317, 714.82577, 2.759015564, 762.0532714
2.982117018, 830.3814761, 3.387914045, 952.8729277, 3.037108276, 970.2211112, 3.079431495, 970.7343225, 2.604100025, 845.0912935, 2.491181257, 795.6475459, 2.321669497, 701.1992263, 2.796821955, 772.3776214
2.99291588, 814.1054052, 3.427841004, 966.3762412, 3.076293508, 982.3999119, 3.092847067, 952.1467365, 2.641435661, 855.6907918, 2.509584375, 779.5234073, 2.349041846, 685.9797649, 2.834625856, 782.4736039
2.993901472, 796.5052598, 3.464769101, 975.768306, 3.111343565, 990.3823477, 3.104539721, 933.7240715, 2.677066217, 866.7770135, 2.525470514, 764.8287284, 2.376420351, 670.9968755, 2.872411079, 790.8568306
2.99848858, 781.6166712, 3.502218418, 984.9643888, 3.152012041, 1003.14202, 3.109591636, 914.4040654, 2.71743056, 878.5683325, 2.540623755, 746.2349026, 2.403788597, 655.6196994, 2.910180115, 797.755669
3.001476278, 766.9430434, 3.539430079, 992.6746802, 3.189840192, 1009.564524, 3.114124376, 896.7477173, 2.756700215, 888.2542043, 2.555772028, 728.6096483, 2.431265571, 644.421961, 2.947960357, 805.6821609
3.001271554, 753.1309645, 3.57664854, 999.9157027, 3.227652785, 1014.012752, 3.121031562, 879.3199107, 2.795231244, 900.1180065, 2.566395204, 712.4919929, 2.468009919, 633.6579378, 2.98574309, 813.8370201
3.001068428, 739.4267924, 3.613877203, 1006.452822, 3.265442499, 1015.557634, 3.126746412, 861.3493081, 2.830122658, 907.3821242, 2.581833369, 697.0636153, 2.504772731, 623.6036304, 3.023558198, 824.9606561
3.005887451, 720.7782177, 3.651122869, 1011.816769, 3.303224892, 1016.173445, 3.124835802, 843.2044869, 2.869244359, 916.2978333, 2.594168237, 679.94538, 2.541590931, 615.6784705, 3.061363344, 835.1708224
3.011629973, 702.3343259, 3.688388937, 1015.77291, 3.34098166, 1013.537509, 3.129737812, 824.94529, 2.906935741, 913.7799233, 2.607299727, 664.0878029, 2.578433749, 608.6995983, 3.099174716, 845.9519072
3.008827167, 686.2332565, 3.725651605, 1019.963685, 3.378725616, 1009.275699, 3.129143022, 802.2813687, 2.944601367, 910.0875381, 2.620038687, 646.472567, 2.615298107, 602.5487279, 3.136971146, 855.3627874
3.008622442, 672.4211776, 3.762944877, 1022.04275, 3.416448524, 1002.342811, 3.129894801, 773.5497226, 2.98225669, 905.9253628, 2.634597792, 626.2836493, 2.652153233, 596.0429996, 3.17476135, 864.202749
3.006749, 658.1526073, 3.800255152, 1022.948643, 3.454158619, 993.7840485, 3.135202004, 752.8446266, 3.019927467, 902.4678727, 2.645374468, 606.9271572, 2.689017591, 589.8921291, 3.212547818, 872.7001595
3.011151429, 641.2161041, 3.837597732, 1021.625508, 3.483287749, 979.5535874, 3.129383919, 730.7377715, 3.057660059, 901.829123, 2.660205069, 587.8509718, 2.725845023, 582.3218271, 3.250319344, 879.8273653
3.012211518, 626.2393134, 3.874938611, 1020.419692, 3.514420094, 966.0039211, 3.129682181, 709.8667329, 3.095405528, 901.7776109, 2.668015989, 569.569128, 2.762816397, 570.40123, 3.288098342, 887.6396734
3.012006794, 612.4272344, 3.912328798, 1015.811675, 3.543538665, 950.4334542, 3.127136165, 695.260621, 3.133228266, 905.2495245, 2.682404019, 553.3769671, 2.785348035, 556.8903437, 3.325863642, 894.1959606
3.01180207, 598.6151555, 3.949778493, 1007.097557, 3.57110945, 935.4040429, 3.126970954, 681.4159602, 3.169238637, 909.7491611, 2.69378615, 536.0774642, 2.805801907, 542.5777414, 3.363612755, 899.2678595
3.011602143, 585.1267972, 3.979978811, 992.7251047, 3.595241927, 919.868894, 3.123054737, 659.0062126, 3.207267301, 915.7809465, 2.703360924, 518.858118, 2.82057061, 521.8413011, 3.40134568, 902.85537
3.011387822, 570.667277, 4.010508383, 983.7377155, 3.618469346, 904.4886856, 3.121695749, 636.8537434, 3.24601117, 925.7912702, 2.71804708, 503.2570445, 2.83801914, 500.1130784, 3.43904374, 903.2457364
3.011181818, 556.7688726, 4.026810677, 971.2723476, 3.635138628, 889.1672636, 3.116156468, 619.8495451, 3.284101397, 935.9438502, 2.729606934, 488.0052214, 2.837093531, 477.8753162, 3.47671067, 900.7815098
3.010979973, 543.151026, 4.056896304, 958.0922333, 3.653909742, 874.2367502, 3.112928303, 597.7667683, 3.322779807, 942.5751707, 2.745610109, 472.5108308, 2.846198637, 458.7287606, 3.514319077, 892.9506483
3.01195704, 533.2667471, 4.085386683, 941.7514041, 3.672670528, 857.9955834, 3.112474471, 579.6107048, 3.360481491, 940.5270508, 2.756872415, 456.5550417, 2.842472404, 440.023806, 3.550933574, 880.3913855
3.00861681, 518.1131988, 4.109578822, 925.9630109, 3.684928185, 840.4709043, 3.10779864, 565.4010384, 3.398077576, 933.6635825, 2.7728849, 439.2451259, 2.837434069, 424.2523434, 3.571529976, 867.9944952
3.010413782, 504.9519952, 4.130831261, 908.1593584, 3.695425989, 824.338184, 3.10307559, 544.17671, 3.432412088, 921.5094812, 2.786220912, 422.6562194, 2.836289633, 404.519581, 3.597776543, 855.2393893
3.009334896, 489.6928011, 4.145060649, 892.0746582, 3.71064785, 808.4421242, 3.101402162, 528.7511855, 3.455104529, 909.1941128, 2.799846267, 408.3712423, 2.830616112, 384.5476864, 3.636293936, 844.3495996
3.006649221, 472.0186967, 4.169063689, 874.7016016, 3.715320267, 791.4246923, 3.100227034, 516.1088117, 3.481491072, 893.8573023, 2.816473083, 396.0591314, 2.820098185, 364.3453645, 3.670921363, 833.2036747
3.006428435, 457.1230504, 4.179611419, 858.0463409, 3.719813181, 773.030088, 3.09397509, 500.1125038, 3.495862939, 874.4082177, 2.840496045, 380.2795035, 2.809875625, 343.367271, 3.685504172, 820.2434698
3.005138927, 437.4000219, 4.199424993, 842.9500296, 3.729941704, 754.9791708, 3.091014539, 479.161237, 3.508452489, 856.8137549, 2.859798353, 364.990642, 2.800721518, 325.0498438, 3.692837451, 801.400757
3.009358462, 420.6474066, 4.226726013, 826.2829599, 3.733082395, 734.0604576, 3.087187069, 461.2764129, 3.516785082, 838.7420843, 2.882817531, 351.8656786, 2.78354482, 309.6726678, 3.692155135, 782.0389504
3.007256546, 404.0701799, 4.246555342, 810.0995091, 3.731384032, 718.2869116, 3.081007655, 443.3278456, 3.532442691, 821.1999578, 2.909380058, 337.3706459, 2.768666759, 293.7040619, 3.688944923, 765.4186582
3.012287376, 384.2215764, 4.263084925, 796.2585553, 3.734017689, 702.9376862, 3.070106114, 421.1423163, 3.539689409, 802.0224261, 2.937428209, 322.7011239, 2.750357666, 279.2731736, 3.68203164, 748.7066728
3.015998282, 362.7348394, 4.278785664, 777.7012027, 3.738181668, 682.0376214, 3.063860566, 401.401776, 3.541090537, 785.2305214, 2.967382674, 308.9828953, 2.733752001, 263.6087317, 3.682626958, 729.2290424
3.01662589, 347.4125193, 4.297214276, 759.1167119, 3.737236003, 661.9070233, 3.055494611, 379.0061196, 3.540321977, 771.6997428, 2.994526189, 294.5399955, 2.71188899, 248.0134179, 3.672567501, 714.1137909
3.01846718, 327.4757879, 4.306554961, 740.0430605, 3.735500249, 641.3885803, 3.040130153, 360.4068064, 3.546339617, 755.6440486, 3.005668603, 279.9410287, 2.684926369, 230.4640814, 3.677389106, 700.1860612
3.02199543, 306.0226298, 4.315509446, 720.0245173, 3.73076106, 619.256966, 3.034018273, 345.1062717, 3.544771933, 737.9465617, 3.001960582, 262.2596564, 2.660098736, 214.1191111, 3.669813976, 677.6481347
3.026462262, 290.2275667, 4.325626125, 695.0673366, 3.729724367, 607.5497962, 3.021409772, 327.4343788, 3.544442256, 722.9132791, 2.992551715, 239.1192032, 2.631636871, 197.4101839, 3.667229322, 656.6679658
3.030176464, 274.1456853, 4.325475337, 676.206756, 3.72408942, 591.5956237, 3.002358692, 308.908413, 3.542410718, 707.1164404, 2.982010215, 219.7347954, 2.599396231, 181.8900249, 3.663548237, 634.8524164
3.030944876, 256.2755265, 4.326221288, 660.5044176, 3.717666215, 575.4858739, 2.988203747, 291.1330714, 3.548480802, 691.9153756, 2.965706424, 204.648531, 2.565031698, 167.6506472, 3.663755976, 618.3251983
3.033664684, 242.8175985, 4.332044907, 641.3951095, 3.712789755, 556.6631187, 2.972956482, 274.1698547, 3.548151125, 676.882093, 2.941765478, 188.4187965, 2.530050877, 151.5516235, 3.661866101, 600.8660035
3.028657932, 226.923873, 4.331567728, 621.712281, 3.706640554, 538.2527317, 2.954332539, 259.3167964, 3.547821448, 661.8488103, 2.917751731, 173.0385887, 2.493506228, 141.1020185, 3.659323684, 579.8187946
3.028926345, 214.8466478, 4.329428784, 608.2048676, 3.69958278, 514.2521855, 2.935166869, 243.2335911, 3.54749177, 646.8155277, 2.885437915, 161.2133124, 2.455005848, 133.7814313, 3.651986042, 555.0547989
3.030129176, 201.2430245, 4.326700683, 591.657915, 3.688209767, 492.8646897, 2.921287534, 228.4786803, 3.549492892, 630.4888506, 2.847090494, 151.4257568, 2.415503074, 125.7334542, 3.644698776, 534.9103502
3.024952419, 188.3634845, 4.323759094, 571.7637404, 3.67908724, 473.7838485, 2.901641232, 211.5125131, 3.549163214, 615.4555679, 2.810997601, 142.4484473, 2.374297779, 117.7968308, 3.638073445, 516.5473895
3.025616494, 175.501441, 4.320256057, 553.4655507, 3.669510166, 456.9456102, 2.877545253, 196.5876655, 3.546502739, 601.7156798, 2.777966723, 136.9825389, 2.336469429, 107.5911323, 3.624568908, 495.8196948
3.021269511, 163.2401933, 4.314551589, 538.490224, 3.662931642, 439.2848629, 2.852986444, 180.2640053, 3.546176496, 586.8389939, 2.73879052, 128.6463738, 2.303215132, 96.07282466, 3.611095783, 477.9723957
3.019148034, 151.1016833, 4.316398554, 518.9532054, 3.64678888, 420.0340002, 2.829062774, 162.9604293, 3.539691786, 564.2183795, 2.702687904, 121.5651366, 2.270915405, 84.47768866, 3.598359607, 462.2389777
3.01268631, 139.1518127, 4.310521658, 500.8317988, 3.637725132, 400.2407302, 2.804499073, 146.2268233, 3.538154349, 543.7625401, 2.666594111, 112.7634107, 2.233557583, 71.65979089, 3.583402095, 444.4394888
3.00397716, 126.9226608, 4.3025984, 484.1865047, 3.625109232, 379.1139053, 2.77650336, 130.9815758, 3.532604782, 529.7640777, 2.630502552, 103.5258277, 2.193967423, 61.98184794, 3.568136093, 427.1557844
2.992506431, 113.7232101, 4.3004943, 468.4121728, 3.612073555, 359.194473, 2.748519663, 116.7432128, 3.525629189, 510.504287, 2.594398877, 96.65104918, 2.15673996, 54.17497396, 3.559133136, 411.7069388
2.980500451, 98.79745066, 4.29605422, 452.8633426, 3.599176553, 335.9201445, 2.7212117, 99.36735517, 3.518450744, 489.3501975, 2.559049747, 89.45448532, 2.119577118, 48.85210534, 3.544823687, 395.7261241
2.957435582, 86.2450313, 4.294022341, 432.1058224, 3.584226525, 311.9298913, 2.685826293, 84.74335503, 3.505883754, 470.7349081, 2.522184234, 84.32376268, 2.082429662, 44.12066657, 3.525229412, 381.200137
2.938109454, 69.64418695, 4.293836628, 412.728555, 3.569047436, 292.3960443, 2.647703683, 70.06864789, 3.494933146, 455.4873353, 2.486074559, 78.6189164, 2.045322208, 40.9269454, 3.509131625, 363.2531211
2.920262507, 59.29421486, 4.294505212, 398.7877333, 3.556624359, 273.9477305, 2.610703971, 56.74276721, 3.481764554, 436.8976593, 2.449959002, 74.06106256, 2.008257835, 39.38922779, 3.493970495, 347.1849551
2.897804664, 50.73742199, 4.297072427, 382.6070904, 3.541023804, 256.7687624, 2.567955127, 42.38967016, 3.465092964, 415.5914559, 2.413840504, 70.07670494, 1.971218079, 38.79779795, 3.477539965, 328.7300408
2.867420806, 40.77211235, 4.297286172, 367.8586405, 3.52353021, 242.3907094, 2.528571423, 29.28521327, 3.452743902, 396.3398024, 2.377718478, 66.78054277, 1.934166015, 37.73322422, 3.461831922, 314.1176377
2.843836288, 30.65236228, 4.295158108, 353.7379227, 3.502425742, 227.5502957, 2.492861673, 16.80816108, 3.431877221, 377.1601415, 2.34159351, 64.05787683, 1.897132413, 37.37836631, 3.439494498, 296.4824167
2.806687323, 23.15110531, 4.298605307, 341.22123, 3.485529501, 214.0705249, 2.45554782, 4.907289177, 3.420447208, 361.5672317, 2.305466189, 61.79400786, , , 3.416540291, 279.8968891
2.772400769, 16.55058871, 4.294416799, 324.4096391, 3.461400699, 196.7806288, , , 3.404853866, 346.1806842, 2.269334751, 60.3330336, , , 3.384940509, 262.6316134
2.738104619, 9.302630907, 4.28785308, 303.3767594, 3.432672345, 180.1541962, , , 3.390502211, 330.0401963, 2.233206254, 58.29856312, , , 3.351778668, 246.1473195
2.703880442, 6.910482107, 4.279795301, 287.0713343, 3.400395305, 163.6817814, , , 3.369406988, 314.7827331, 2.197074815, 56.83758885, , , 3.319543739, 231.5714195
2.669678657, 6.029029441, 4.272254614, 270.8548404, 3.366547971, 148.7852728, , , 3.342322316, 298.2848593, , , , , 3.289299852, 216.7772094
2.635470474, 4.715949309, 4.255394184, 253.8718417, 3.330430899, 134.0680414, , , 3.317703293, 280.7748763, , , , , 3.25595523, 201.2576691
, , 4.23625232, 236.9571988, 3.298104154, 121.2056264, , , 3.293095508, 263.7773916, , , , , 3.222067528, 190.2227486
, , 4.221497017, 221.3406021, 3.256452269, 107.7376838, , , 3.264124399, 245.6652001, , , , , 3.18142684, 179.2325469
, , 4.196213273, 201.2429165, 3.221496214, 92.91977778, , , 3.231651643, 229.6207412, , , , , 3.143619204, 168.7940132
, , 4.166967392, 185.295274, 3.187455617, 80.47726597, , , 3.197180158, 214.0133099, , , , , 3.106072918, 158.3177504
, , 4.134540234, 169.3686969, 3.143526314, 66.8812048, , , 3.160216727, 199.5228272, , , , , 3.068030079, 150.314804
, , 4.103954644, 158.0661007, 3.104744169, 53.85378526, , , 3.123760347, 186.6382847, , , , , 3.030237385, 141.2464749
, , 4.063104278, 144.5453458, 3.072019404, 40.51867178, , , 3.087397509, 174.7592891, , , , , 2.9924422, 131.9497785
, , 4.02956629, 133.729492, 3.036675669, 29.77058996, , , 3.04620635, 164.3843835, , , , , 2.954671919, 124.9367564
, , 3.990567479, 124.143712, 2.997870859, 19.25929672, , , 3.008239378, 154.3354088, , , , , 2.916890432, 116.8960808
, , 3.952615265, 113.8791925, , , , , 2.970269831, 144.1689865, , , , , 2.879120151, 109.8830587
, , 3.916201966, 104.7343439, , , , , 2.932271953, 132.7106416, , , , , 2.841351115, 102.9842203
, , 3.878997107, 96.55478365, , , , , 2.894315283, 123.131457, , , , , 2.803582079, 96.08538195
, , 3.841766744, 90.13498161, , , , , 2.856386946, 114.8441951, , , , , 2.764921939, 90.56166429
, , 3.804539781, 83.48054514, , , , , 2.818479213, 107.4965134, , , , , 2.728062401, 83.97432081
, , 3.767299975, 77.71232181, , , , , 2.780579208, 100.5011742, , , , , 2.690298631, 77.55835749
, , 3.732761991, 71.23817994, , , , , 2.742681777, 93.62328257, , , , , 2.652556989, 73.17156094
, , 3.692879296, 62.10942914, , , , , 2.699940335, 89.98666398, , , , , 2.614806631, 67.98547835
, , 3.655652333, 55.45499267, , , , , 2.662644997, 86.43593881, , , , , 2.577060009, 63.14194693
, , 3.618430471, 48.44860455, , , , , 2.624846891, 84.08723721, , , , , 2.539312141, 58.18423178
, , 3.581201809, 41.9114853, , , , , 2.589176337, 78.75491503, , , , , 2.501571745, 53.91161895
, , 3.543951042, 36.89948984, , , , , 2.554611621, 77.15176574, , , , , 2.463813916, 48.04043405
, , 3.506690075, 32.59139767, , , , , 2.515745351, 72.7918013, , , , , 2.426082236, 44.56710726
, , 3.469441009, 27.462085, , , , , 2.477927765, 69.5547828, , , , , 2.388351801, 41.20796418
, , 3.432185142, 22.80204118, , , , , 2.440092149, 65.49563165, , , , , 2.350623856, 38.07718855
, , 3.394912272, 19.31516952, , , , , 2.402210172, 59.32242513, , , , , 2.312897157, 35.06059663
, , 3.355643036, 15.61429631, , , , , 2.364371981, 55.14582646, , , , , 2.275180419, 32.95747447
, , 3.316546319, 11.6560407, , , , , 2.326541517, 51.32157035, , , , , 2.237457455, 30.28343371
, , 3.274390326, 9.384855161, , , , , 2.288734232, 48.55434193, , , , , 2.19972702, 26.92429064
, , 3.226226425, 7.379188173, , , , , 2.2509321, 46.02200855, , , , , 2.162002811, 24.13606616
, , , , , , , , 2.213106786, 42.43264748, , , , , 2.124284828, 21.91876028
, , , , , , , , 2.175325258, 40.83989426, , , , , 2.086575562, 20.50074044
, , , , , , , , 2.137530852, 38.65990344, , , , , , 
, , , , , , , , 2.099746749, 36.94970271, , , , , , 
, , , , , , , , 2.061957494, 35.00460693, , , , , , 
, , , , , , , , 2.024157936, 32.58972107, , , , , , 
, , , , , , , , 1.986394438, 31.81910049, , , , , , 
, , , , , , , , 1.948620636, 30.57868984, , , , , , 
, , , , , , , , 1.91084426, 29.22083166, , , , , , 
, , , , , , , , 1.873024097, 25.86636564, , , , , , 
, , , , , , , , 1.835247721, 24.50850746, , , , , , 
, , , , , , , , 1.797466193, 22.91575424, , , , , , 
, , , , , , , , 1.759700118, 22.02768615, , , , , , 
, , , , , , , , 1.721928892, 20.90472302, , , , , , 
, , , , , , , , 1.684124184, 18.25494211, , , , , , 
, , , , , , , , 1.64635811, 17.36687402, , , , , , 
, , , , , , , , 1.608597186, 16.71370097, , , , , , 
, , , , , , , , 1.570815658, 15.12094775, , , , , , 
, , , , , , , , 1.533503127, 13.39886619, , , , , , 
, , , , , , , , 1.495246142, 11.64086225, , , , , , 
, , , , , , , , 1.457471217, 10.34918834, , , , , , 
, , , , , , , , 1.419720432, 10.15834486, , , , , , 
, , , , , , , , 1.381955809, 9.336461034, , , , , , 
, , , , , , , , 1.344178145, 7.919879098, , , , , , 
, , , , , , , , 1.306394205, 6.217138863, , , , , , 
, , , , , , , , 1.268642296, 5.975032132, , , , , , 
, , , , , , , , 1.231883998, 4.936797605, , , , , , 
, , , , , , , , 1.196696821, 3.610510173, , , , , , 
, , , , , , , , 1.157200286, 4.282519581, , , , , , 
, , , , , , , , 1.117615508, 4.133209307, , , , , , 
, , , , , , , , 1.083013315, 4.486995502, , , , , , 
, , , , , , , , 1.042116372, 3.86246964, , , , , , 
, , , , , , , , 1.002456199, 2.66574122, , , , , , 
