'C080686 A C2-C3', , 'C080686 A C4-C5', , 'C080686 B C2-C3', , 'C090033 A C3-C4', , 'C090033 A C5-C6', , 'C090033 A C7-T1', , 'C090033 B C3-C4', , 'C090033 B C5-C6', , 'C090278 A C3-C4', , 'C090278 A C5-C6', , 'C090278 B C3-C4', , 'C090278 B C5-C6', , 'C090278 B C7-T1', , 'C100923 A C3-C4', , 'C100923 A C5-C6', , 'C100923 A C7-T1', , 'C100923 B C3-C4', , 'C100923 B C5-C6', , 'C100923 B C7-T1', , 'S090253 B C7-T1', , 'UB08L002 A C3-C4', , 'UB08L002 A C7-T1', , 'UB08L002 B C3-C4', , 'UB08L002 B C5-C6', , 'UB08L002 B C7-T1', 
0, 0, 0, 0, 0, 0, 0, 0, 0, 0, 0, 0, 0, 0, 0, 0, 0, 0, 0, 0, 0, 0, 0, 0, 0, 0, 0, 0, 0, 0, 0, 0, 0, 0, 0, 0, 0, 0, 0, 0, 0, 0, 0, 0, 0, 0, 0, 0, 0, 0
0.05, 13.0604875, 0.05, 0.816846224, 0.05, -0.425004179, 0.05, 0.957605908, 0.05, 0.966313327, 0.05, 5.83385582, 0.05, -0.050103158, 0.05, 0.145601602, 0.05, 3.998005379, 0.05, 0.554167731, 0.05, 0.826263507, 0.05, -0.025657594, 0.05, 0.564076362, 0.05, -0.576739, 0.05, -0.077211349, 0.05, -0.290954179, 0.05, 0.850317936, 0.05, 0.46620671, 0.05, 1.018367028, 0.025, 1.062175678, 0.05, 2.551943024, 0.05, 0.735816875, 0.05, 0.163677616, 0.05, -0.177945924, 0.05, 0.727059927
0.1, 24.46135, 0.1, 1.398151765, 0.1, 0.89159628, 0.1, 1.617057068, 0.1, 1.722283808, 0.1, 12.3829786, 0.1, 0.077950104, 0.1, 0.3052713, 0.1, 7.86386507, 0.1, 1.17577301, 0.1, 1.692561729, 0.1, 0.1946619, 0.1, 1.12879699, 0.1, -0.18782699, 0.1, 0.09435484, 0.1, -0.153637129, 0.1, 2.62117514, 0.1, 0.913120954, 0.1, 2.252016003, 0.05, 3.018534501, 0.1, 5.121488685, 0.1, 1.932998559, 0.1, 0.760938046, 0.1, -0.200089678, 0.1, 1.530408861
0.15, 34.451775, 0.15, 1.824009168, 0.15, 3.644288314, 0.15, 2.055716154, 0.15, 2.315777979, 0.15, 19.44466013, 0.15, 0.36954157, 0.15, 0.479578373, 0.15, 11.60554648, 0.15, 1.870572345, 0.15, 2.597975927, 0.15, 0.655207856, 0.15, 1.709777785, 0.15, 0.996260701, 0.15, 0.484134699, 0.15, 0.37482607, 0.15, 5.185419257, 0.15, 1.346219577, 0.15, 3.67840387, 0.075, 5.763811866, 0.15, 7.712168311, 0.15, 3.547776137, 0.15, 1.754979129, 0.15, -0.073473196, 0.15, 2.399482138
0.2, 43.2604, 0.2, 2.163671053, 0.2, 7.56056096, 0.2, 2.341221286, 0.2, 2.79001975, 0.2, 26.8413866, 0.2, 0.810604128, 0.2, 0.6693504, 0.2, 15.23075312, 0.2, 2.64380368, 0.2, 3.541741088, 0.2, 1.3502376, 0.2, 2.321685914, 0.2, 2.82747232, 0.2, 1.064508954, 0.2, 1.259213472, 0.2, 8.42890368, 0.2, 1.770774208, 0.2, 5.276777696, 0.1, 9.200626355, 0.2, 10.32700288, 0.2, 5.538344307, 0.2, 3.110699494, 0.2, 0.195003744, 0.2, 3.325606752
0.25, 51.0953125, 0.25, 2.476403613, 0.25, 12.39912891, 0.25, 2.532205469, 0.25, 3.183831226, 0.25, 34.41911125, 0.25, 1.387677393, 0.25, 0.87565957, 0.25, 18.74692461, 0.25, 3.500199219, 0.25, 4.523238574, 0.25, 2.274016406, 0.25, 2.97825623, 0.25, 5.178657227, 0.25, 1.81062793, 0.25, 2.466159277, 0.25, 12.24972383, 0.25, 2.191851953, 0.25, 7.028103809, 0.125, 13.23911102, 0.25, 12.968521, 0.25, 7.864840796, 0.25, 4.794655786, 0.25, 0.598582813, 0.25, 4.301896582
0.3, 58.14405, 0.3, 2.812308671, 0.3, 17.94815604, 0.3, 2.67899126, 0.3, 3.531867991, 0.3, 42.04558031, 0.3, 2.087958762, 0.3, 1.099809, 0.3, 22.16123667, 0.3, 4.44399825, 0.3, 5.541988767, 0.3, 3.4208175, 0.3, 3.692307701, 0.3, 7.94204343, 0.3, 2.700241216, 0.3, 3.964106853, 0.3, 16.55745342, 0.3, 2.614316082, 0.3, 8.914996929, 0.15, 17.79655287, 0.3, 15.63877688, 0.3, 10.48932466, 0.3, 6.775020319, 0.3, 1.130646426, 0.3, 5.323147623
0.35, 64.5736, 0.35, 3.213114288, 0.35, 24.023479, 0.35, 2.824260666, 0.35, 3.864848886, 0.35, 49.60871219, 0.35, 2.899349926, 0.35, 1.343319042, 0.35, 25.48060113, 0.35, 5.478959973, 0.35, 6.597643714, 0.35, 4.784922056, 0.35, 4.475759829, 0.35, 11.02771513, 0.35, 3.713531989, 0.35, 5.723261747, 0.35, 21.27238075, 0.35, 3.04282672, 0.35, 10.92164931, 0.175, 22.79704057, 0.35, 18.33936832, 0.35, 13.37575344, 0.35, 9.021539162, 0.35, 1.784717041, 0.35, 6.385733213
0.4, 70.5304, 0.4, 3.712933939, 0.4, 30.46683072, 0.4, 3.00370025, 0.4, 4.20978025, 0.4, 57.01503007, 0.4, 3.810498816, 0.4, 1.6079136, 0.4, 28.71166592, 0.4, 6.60837632, 0.4, 7.689979776, 0.4, 6.3606192, 0.4, 5.339649075, 0.4, 14.36209024, 0.4, 4.832956006, 0.4, 7.715544704, 0.4, 26.32474496, 0.4, 3.481841536, 0.4, 13.03375987, 0.2, 28.17112032, 0.4, 21.07145472, 0.4, 16.48995924, 0.4, 11.50549065, 0.4, 2.554456448, 0.4, 7.487499264
0.45, 76.1403375, 0.45, 4.338994243, 0.45, 37.14406399, 0.45, 3.246621472, 0.45, 4.590174646, 0.45, 64.18814755, 0.45, 4.810836996, 0.45, 1.895506439, 0.45, 31.86081508, 0.45, 7.835084786, 0.45, 8.818890272, 0.45, 8.142206006, 0.45, 6.294145288, 0.45, 17.88639795, 0.45, 6.043085252, 0.45, 9.914544684, 0.45, 31.65397232, 0.45, 3.935616436, 0.45, 15.23846334, 0.225, 33.85545996, 0.45, 23.835775, 0.45, 19.79962366, 0.45, 14.19964433, 0.45, 3.433665069, 0.45, 8.627659487
0.5, 81.50875, 0.5, 5.11233125, 0.5, 43.943375, 0.5, 3.57655625, 0.5, 5.026264063, 0.5, 71.06730781, 0.5, 5.8906125, 0.5, 2.2081875, 0.5, 34.93416875, 0.5, 9.16148125, 0.5, 9.984378125, 0.5, 10.1239875, 0.5, 7.348568125, 0.5, 21.55515625, 0.5, 7.33045625, 0.5, 12.29547188, 0.5, 37.2079125, 0.5, 4.40820625, 0.5, 17.52425938, 0.25, 39.79252124, 0.5, 26.63266563, 0.5, 23.27425156, 0.5, 17.07822031, 0.5, 4.41628125, 0.5, 9.806690625
0.55, 86.720425, 0.55, 6.048455288, 0.55, 50.77352688, 0.55, 4.011827741, 0.55, 5.535207594, 0.55, 77.60597586, 0.55, 7.040918116, 0.55, 2.548209211, 0.55, 37.93758318, 0.55, 10.5895328, 0.55, 11.18654851, 0.55, 12.30027666, 0.55, 8.511403475, 0.55, 25.33464945, 0.55, 8.683423043, 0.55, 14.83511071, 0.55, 42.94207484, 0.55, 4.903465423, 0.55, 19.88094172, 0.275, 45.93024035, 0.55, 29.46207859, 0.55, 26.8851438, 0.55, 20.1168491, 0.55, 5.496380557, 0.55, 11.02622768
0.6, 91.8396, 0.6, 7.157984371, 0.6, 57.56207328, 0.6, 4.566096346, 0.6, 6.131293594, 0.6, 83.77048418, 0.6, 8.253715104, 0.6, 2.9179728, 0.6, 40.87665072, 0.6, 12.12079056, 0.6, 12.4256015, 0.6, 14.6653944, 0.6, 9.790319885, 0.6, 29.20140576, 0.6, 10.09201482, 0.6, 17.5117729, 0.6, 48.81886464, 0.6, 5.425048704, 0.6, 22.29952733, 0.3, 52.2217166, 0.6, 32.32359936, 0.6, 30.60536878, 0.6, 23.2925318, 0.6, 6.668175072, 0.6, 12.28895914
0.65, 96.9099625, 0.65, 8.447246162, 0.65, 64.25358188, 0.65, 5.248880942, 0.65, 6.826136311, 0.65, 89.53873158, 0.65, 9.521852371, 0.65, 3.320014608, 0.65, 43.75669983, 0.65, 13.75640251, 0.65, 13.70182472, 0.65, 17.21366961, 0.65, 11.19218498, 0.65, 33.14067478, 0.65, 11.54779823, 0.65, 20.3052504, 0.65, 54.80681941, 0.65, 5.976411839, 0.65, 24.7721855, 0.325, 58.62490927, 0.65, 35.21646491, 0.65, 34.40973288, 0.65, 26.58360076, 0.65, 7.926012686, 0.65, 13.5985222
0.7, 101.95465, 0.7, 9.918848495, 0.7, 70.80785796, 0.7, 6.066055332, 0.7, 7.628866999, 0.7, 94.89893539, 0.7, 10.83908108, 0.7, 3.7569924, 0.7, 46.58279507, 0.7, 15.49712633, 0.7, 15.01558596, 0.7, 19.9394391, 0.7, 12.72308191, 0.7, 37.14490507, 0.7, 13.04374433, 0.7, 23.1967685, 0.7, 60.87984518, 0.7, 6.560812258, 0.7, 27.29216702, 0.35, 65.10234281, 0.7, 38.13958166, 0.7, 38.27474981, 0.7, 29.96968068, 0.7, 9.264376394, 0.7, 14.95939803
0.75, 106.97625, 0.75, 11.57221846, 0.75, 77.19816797, 0.75, 7.020319922, 0.75, 8.546319507, 0.75, 99.84843684, 0.75, 12.2000647, 0.75, 4.23167168, 0.75, 49.35973711, 0.75, 17.34334219, 0.75, 16.36732588, 0.75, 22.83704766, 0.75, 14.38832572, 0.75, 41.21222168, 0.75, 14.5741002, 0.75, 26.16893877, 0.75, 67.01645273, 0.75, 7.181309766, 0.75, 29.8537333, 0.375, 71.62082003, 0.75, 41.09154346, 0.75, 42.17860876, 0.75, 33.43165012, 0.75, 10.67788359, 0.75, 16.37680693
0.8, 111.9568, 0.8, 13.40411003, 0.8, 83.40946304, 0.8, 8.111648614, 0.8, 9.583210342, 0.8, 104.3925598, 0.8, 13.60038451, 0.8, 4.746912, 0.8, 52.09206272, 0.8, 19.2950656, 0.8, 17.75755059, 0.8, 25.900848, 0.8, 16.19247985, 0.8, 45.34490368, 0.8, 16.13426524, 0.8, 29.20571213, 0.8, 73.19899392, 0.8, 7.840767232, 0.8, 32.4520855, 0.4, 78.15114368, 0.8, 44.0706496, 0.8, 46.10114156, 0.8, 36.95160343, 0.8, 12.16128538, 0.8, 17.85660365
0.85, 116.8577875, 0.85, 15.40908028, 0.85, 89.43660256, 0.85, 9.337710935, 0.85, 10.74231322, 0.85, 108.5435228, 0.85, 15.03654056, 0.85, 5.305653277, 0.85, 54.78404478, 0.85, 21.35196024, 0.85, 19.18682436, 0.85, 29.12520081, 0.85, 18.13937248, 0.85, 49.54786171, 0.85, 17.72067214, 0.85, 32.29233183, 0.85, 79.41289791, 0.85, 8.541851282, 0.85, 35.08329369, 0.425, 84.66784609, 0.85, 47.07492277, 0.85, 50.02378853, 0.85, 40.51281313, 0.85, 13.70946582, 0.85, 19.40517253
0.9, 121.62015, 0.9, 17.57993413, 0.9, 95.28257772, 0.9, 10.69426937, 0.9, 12.02462806, 0.9, 112.3194043, 0.9, 16.50594802, 0.9, 5.9109021, 0.9, 57.43969227, 0.9, 23.51335077, 0.9, 20.6557622, 0.9, 32.5044747, 0.9, 20.23211302, 0.9, 53.82711549, 0.9, 19.33067242, 0.9, 35.41528648, 0.9, 85.64590746, 0.9, 9.287032986, 0.9, 37.74422595, 0.45, 91.14892713, 0.9, 50.10212705, 0.9, 53.92956342, 0.9, 44.09969269, 0.9, 15.3174413, 0.9, 21.02932279
0.913, 121.896, 0.95, 19.90813767, 0.95, 100.9567351, 0.95, 12.17555195, 0.95, 13.42954454, 0.95, 115.743161, 0.95, 18.00692903, 0.95, 6.565718048, 0.95, 60.06275028, 0.95, 25.77823566, 0.95, 22.16502258, 0.95, 36.03304626, 0.95, 22.4731085, 0.95, 58.18827141, 0.95, 20.96242679, 0.95, 38.56226308, 0.95, 91.88731523, 0.95, 10.07858855, 0.95, 40.43247753, 0.475, 97.57560026, 0.95, 53.14978586, 0.95, 57.80301707, 0.95, 47.69775981, 0.95, 16.98035975, 0.95, 22.73618374
0.977, 126.987, 1, 22.3842, 1, 106.473, 1, 13.7746, 1, 14.955, 1, 118.8417, 1, 19.5387, 1, 7.2732, 1, 62.6567, 1, 28.1453, 1, 23.7153, 1, 39.7053, 1, 24.86408, 1, 62.635, 1, 22.6148, 1, 41.7221, 1, 98.1272, 1, 10.9186, 1, 43.1463, 0.5, 103.9320469, 1, 56.2152, 1, 61.6302, 1, 51.2936, 1, 18.6935, 1, 24.5331
0.986, 129.905, 1.05, 24.99802372, 1.05, 111.8481004, 1.05, 15.48359121, 1.05, 16.59763194, 1.05, 121.6450037, 1.05, 21.10135428, 1.05, 8.036472445, 1.05, 65.22475873, 1.05, 30.61292837, 1.05, 25.3073177, 1.05, 43.51562841, 1.05, 27.40607907, 1.05, 67.16751353, 1.05, 24.28726048, 1.05, 44.88474004, 1.05, 104.355663, 1.05, 11.80895589, 1.05, 45.88453035, 0.525, 110.2051788, 1.05, 59.29546558, 1.05, 65.3986239, 1.05, 54.87483072, 1.05, 20.45227104, 1.05, 26.42752674
1.05, 126.987, 1.1, 27.73922388, 1.1, 117.0997903, 1.1, 17.29413782, 1.1, 18.35292495, 1.1, 124.1853083, 1.1, 22.69584035, 1.1, 8.8586718, 1.1, 67.76987987, 1.1, 33.17921761, 1.1, 26.94182028, 1.1, 47.4584319, 1.1, 30.09950418, 1.1, 71.78104351, 1.1, 25.9797846, 1.1, 48.04118342, 1.1, 110.5620641, 1.1, 12.75135195, 1.1, 48.64652015, 0.55, 116.3844089, 1.1, 62.38749204, 1.1, 69.09722198, 1.1, 58.43006588, 1.1, 22.25221132, 1.1, 28.42692491
1.134, 129.159, 1.15, 30.59741552, 1.15, 122.2450729, 1.15, 19.19756012, 1.15, 20.2153521, 1.15, 126.4963351, 1.15, 24.32393544, 1.15, 9.742932717, 1.15, 70.29475293, 1.15, 35.84198968, 1.15, 28.61956632, 1.15, 51.52811886, 1.15, 32.9441171, 1.15, 76.46431823, 1.15, 27.69276557, 1.15, 51.18344079, 1.15, 116.7342583, 1.15, 13.74729185, 1.15, 51.43206469, 0.575, 122.4614302, 1.15, 65.48802007, 1.15, 72.71630817, 1.15, 61.94888077, 1.15, 24.08898807, 1.15, 30.53865645
1.251, 129.294, 1.2, 33.56246984, 1.2, 127.298425, 1.2, 21.18513508, 1.2, 22.17851082, 1.2, 128.6125759, 1.2, 25.98821453, 1.2, 10.6923744, 1.2, 72.80180352, 1.2, 38.59880448, 1.2, 30.34132109, 1.2, 55.7191056, 1.2, 35.93905935, 1.2, 81.19804032, 1.2, 29.426927, 1.2, 54.30448627, 1.2, 122.8578317, 1.2, 14.79808781, 1.2, 54.2413321, 0.6, 128.4300029, 1.2, 68.59363968, 1.2, 76.24753528, 1.2, 65.42177745, 1.2, 25.95839654, 1.2, 32.76987955
1.281, 118.707, 1.25, 36.62473877, 1.25, 132.2700195, 1.25, 23.24832031, 1.25, 24.2352533, 1.25, 130.568631, 1.25, 27.69201489, 1.25, 11.71008691, 1.25, 75.29319336, 1.25, 41.44697266, 1.25, 32.10784912, 1.25, 60.02581641, 1.25, 39.08286865, 1.25, 85.95336426, 1.25, 31.18324121, 1.25, 57.39821045, 1.25, 128.9153379, 1.25, 15.90486133, 1.25, 57.07479248, 0.625, 134.2857494, 1.25, 71.70080811, 1.25, 79.68385193, 1.25, 68.84015051, 1.25, 27.85635938, 1.25, 35.12744385
1.349, 111.444, 1.3, 39.77524829, 1.3, 137.16395, 1.3, 25.37895317, 1.3, 26.37781127, 1.3, 132.3986004, 1.3, 29.43939601, 1.3, 12.7991175, 1.3, 77.77082027, 1.3, 44.38356845, 1.3, 33.91990692, 1.3, 64.4426835, 1.3, 42.37349529, 1.3, 90.69037393, 1.3, 32.96285207, 1.3, 60.4593734, 1.3, 134.8855344, 1.3, 17.06854388, 1.3, 59.93314708, 0.65, 140.0259584, 1.3, 74.80586783, 1.3, 83.01945843, 1.3, 72.19625337, 1.3, 29.77892583, 1.3, 37.61778567
1.433, 102.282, 1.35, 43.00586014, 1.35, 141.9764536, 1.35, 27.56942509, 1.35, 28.59791538, 1.35, 134.1355289, 1.35, 31.23509496, 1.35, 13.96245689, 1.35, 80.23631818, 1.35, 47.40544251, 1.35, 35.77823556, 1.35, 68.96414706, 1.35, 45.80831859, 1.35, 95.35656016, 1.35, 34.76700258, 1.35, 63.48355772, 1.35, 140.7426188, 1.35, 18.28987759, 1.35, 62.81725738, 0.675, 145.649396, 1.35, 77.90506453, 1.35, 86.24976154, 1.35, 75.48316485, 1.35, 31.7222711, 1.35, 40.24682328
1.536, 109.815, 1.4, 46.30940223, 1.4, 146.6941347, 1.4, 29.81283119, 1.4, 30.88690895, 1.4, 135.8109043, 1.4, 33.08447722, 1.4, 15.2030256, 1.4, 82.69105712, 1.4, 50.50923472, 1.4, 37.68355338, 1.4, 73.5846552, 1.4, 49.38416332, 1.4, 99.88529824, 1.4, 36.59696714, 1.4, 66.4671215, 1.4, 146.455465, 1.4, 19.56941594, 1.4, 65.72807427, 0.7, 151.156126, 1.4, 80.99456512, 1.4, 89.37132808, 1.4, 78.69475631, 1.4, 33.68269565, 1.4, 43.01985206
1.644, 108.797, 1.45, 49.67976746, 1.45, 151.2921886, 1.45, 32.10309506, 1.45, 33.23585627, 1.45, 137.454208, 1.45, 34.99348296, 1.45, 16.52366028, 1.45, 85.13614323, 1.45, 53.69138702, 1.45, 39.63654857, 1.45, 78.29866401, 1.45, 53.0973161, 1.45, 104.1943255, 1.45, 38.45398838, 1.45, 69.40715141, 1.45, 151.9868594, 1.45, 20.90752441, 1.45, 68.66656716, 0.725, 156.5473379, 1.45, 84.07047566, 1.45, 92.3818374, 1.45, 81.82565917, 1.45, 35.65662443, 1.45, 45.9414398
1.664, 97.056, 1.5, 53.11198125, 1.5, 155.732625, 1.5, 34.43506875, 1.5, 35.63564531, 1.5, 139.0925203, 1.5, 36.96856875, 1.5, 17.9271, 1.5, 87.57241875, 1.5, 56.94815625, 1.5, 41.63787188, 1.5, 83.1006375, 1.5, 56.94354188, 1.5, 108.1842188, 1.5, 40.33921875, 1.5, 72.30141563, 1.5, 157.2927375, 1.5, 22.30438125, 1.5, 71.63365313, 0.75, 161.8251833, 1.5, 87.12885938, 1.5, 95.28003281, 1.5, 84.87123281, 1.5, 37.64060625, 1.5, 49.01532188
1.703, 93.594, 1.55, 56.60223752, 1.55, 159.9624915, 1.55, 36.80460807, 1.55, 38.077085, 1.55, 140.7501779, 1.55, 39.01664471, 1.55, 19.41597255, 1.55, 90.00046203, 1.55, 60.27562694, 1.55, 43.68812921, 1.55, 87.98504766, 1.55, 60.91810029, 1.55, 111.736872, 1.55, 42.25366673, 1.55, 75.14831694, 1.55, 162.3214199, 1.55, 23.7599781, 1.55, 74.63012604, 0.775, 166.9926202, 1.55, 90.16575464, 1.55, 98.06567179, 1.55, 87.82753297, 1.55, 39.63131302, 1.55, 52.24429649
1.742, 95.291, 1.6, 60.14790328, 1.6, 163.9120973, 1.6, 39.208623, 1.6, 40.55099689, 1.6, 142.4484852, 1.6, 41.1450071, 1.6, 20.9927808, 1.6, 92.42058752, 1.6, 63.66972416, 1.6, 45.7878743, 1.6, 92.9463744, 1.6, 65.01576212, 1.6, 114.7139738, 1.6, 44.19814769, 1.6, 77.9468457, 1.6, 167.0128486, 1.6, 25.2741207, 1.6, 77.65658573, 0.8, 172.0532659, 1.6, 93.17719296, 1.6, 100.7394751, 1.6, 90.69128054, 1.6, 41.62553907, 1.6, 55.63011994
1.801, 98.752, 1.65, 63.74749176, 1.65, 167.4932365, 1.65, 41.64510343, 1.65, 43.04830135, 1.65, 144.2054784, 1.65, 43.3612664, 1.65, 22.65988895, 1.65, 94.83284578, 1.65, 67.12622635, 1.65, 47.93760137, 1.65, 97.97910561, 1.65, 69.23082575, 1.61, 115.924, 1.65, 46.17323945, 1.65, 80.69653287, 1.65, 171.2978235, 1.65, 26.84642961, 1.65, 80.71336707, 0.825, 177.0112578, 1.65, 96.15921692, 1.65, 103.303075, 1.65, 93.45983079, 1.65, 43.62020045, 1.65, 59.17340177
1.953, 103.436, 1.7, 67.40060408, 1.7, 170.597412, 1.7, 44.11312002, 1.7, 45.56009822, 1.7, 146.0357435, 1.7, 45.67327073, 1.7, 24.4195089, 1.7, 97.23702347, 1.7, 70.64077813, 1.7, 50.13773771, 1.7, 103.0777371, 1.7, 73.5571335, 1.624, 118.231, 1.7, 48.17924248, 1.7, 83.39740305, 1.7, 175.0972382, 1.7, 28.47634086, 1.7, 83.80046917, 0.85, 181.8711228, 1.7, 99.10789821, 1.7, 105.7589617, 1.7, 96.13114303, 1.7, 45.61233419, 1.7, 62.87350008
1.992, 104.114, 1.75, 71.10783955, 1.75, 173.0940586, 1.75, 46.61280039, 1.75, 48.07774197, 1.75, 147.9502874, 1.75, 48.08902485, 1.75, 26.27368652, 1.75, 99.63264336, 1.75, 74.20890313, 1.75, 52.38863643, 1.75, 108.2367727, 1.75, 77.98808814, 1.624, 119.385, 1.75, 50.21614473, 1.75, 86.04992744, 1.75, 178.3213168, 1.75, 30.16310664, 1.75, 86.91748447, 0.875, 186.637654, 1.75, 102.0193556, 1.75, 108.1104297, 1.75, 98.70375071, 1.75, 47.59909766, 1.75, 66.7284167
2.061, 107.372, 1.8, 74.87067444, 1.752, 174.836, 1.8, 49.14528042, 1.8, 50.59291127, 1.8, 149.9564617, 1.8, 50.61660451, 1.8, 28.224288, 1.8, 102.0189643, 1.8, 77.8260168, 1.8, 54.69056899, 1.8, 113.450724, 1.8, 82.51666929, 1.718, 121.489, 1.8, 52.28359119, 1.8, 88.65497693, 1.8, 180.8688499, 1.8, 31.90579603, 1.8, 90.0635279, 0.9, 191.3157972, 1.8, 104.8897728, 1.8, 110.3615218, 1.8, 101.1767319, 1.8, 49.57776778, 1.8, 70.73469245
2.066, 107.779, 1.85, 78.69130937, 1.816, 176.261, 1.85, 51.71263088, 1.85, 53.09767313, 1.85, 152.0579404, 1.85, 53.26406625, 1.85, 30.27298612, 1.85, 104.3949813, 1.85, 81.48743928, 1.85, 57.04371795, 1.85, 118.7141108, 1.85, 87.13544979, 1.673, 114.023, 1.85, 54.38085808, 1.85, 91.21377505, 1.85, 182.626431, 1.85, 33.70329566, 1.85, 93.23716601, 0.925, 195.9105434, 1.85, 107.7154167, 1.85, 112.5169732, 1.85, 103.5496802, 1.85, 51.54574038, 1.85, 74.88730234
2.13, 109.001, 1.9, 82.57248522, 1.84, 175.99, 1.9, 54.31775922, 1.9, 55.58454142, 1.9, 154.2547508, 1.9, 56.03935267, 1.9, 32.4212466, 1.9, 106.7594255, 1.9, 85.18840817, 1.9, 59.44816955, 1.9, 124.0214607, 1.9, 91.83661221, 1.796, 112.395, 1.9, 56.50683166, 1.9, 93.72785103, 1.855, 184.27, 1.9, 35.55431039, 1.9, 96.4363461, 0.95, 200.4268319, 1.9, 110.4926552, 1.9, 114.5821537, 1.9, 105.8226763, 1.9, 53.5005295, 1.9, 79.17955084
2.184, 109.748, 1.95, 86.51726762, 1.865, 177.008, 1.95, 56.96428656, 1.95, 58.04652996, 1.95, 156.5433576, 1.95, 58.95019315, 1.95, 34.67031439, 1.95, 109.1107639, 1.95, 88.92409139, 1.95, 61.90390637, 1.95, 129.3673093, 1.95, 96.61196521, 1.801, 106.354, 1.95, 58.65999177, 1.95, 96.1989928, 1.835, 185.763, 1.95, 37.45736402, 1.95, 99.65832535, 0.975, 204.8694597, 1.95, 113.217975, 1.95, 116.5630088, 1.95, 107.9962594, 1.95, 55.43976661, 1.95, 83.60296705
2.341, 113.005, 2, 90.5288, , , 2, 59.6564, 2, 60.4772, 2, 158.9168, 2, 62.004, 2, 37.0212, 2, 111.4472, 2, 92.6896, 2, 64.4108, 2, 134.7462, 2, 101.45296, 1.781, 105.404, 2, 60.8384, 2, 98.6292, 1.85, 186.849, 2, 39.4108, 2, 102.8996, 1, 209.243, 2, 115.888, 2, 118.466, 2, 110.0714, 2, 57.3612, 2, 88.1472
2.365, 115.042, 2.05, 94.61002519, , , 2.05, 62.39868006, 2.05, 62.87070227, 2.05, 161.3648826, 2.05, 65.20776003, 2.05, 39.47466579, 2.05, 113.7666731, 2.05, 96.48000101, 2.05, 66.96860365, 2.05, 140.1526844, 2.05, 106.3507067, 1.875, 106.761, 2.05, 63.03969252, 2.05, 101.020637, 1.875, 186.306, 2.05, 41.41278206, 2.05, 106.1558344, 1.025, 213.5517287, 2.05, 118.4995089, 2.05, 120.298044, 2.05, 112.049472, 2.05, 59.262694, 2.05, 92.79991381
2.439, 117.892, 2.1, 98.76337559, , , 2.1, 65.19590338, 2.1, 65.2218134, 2.1, 163.8744191, 2.1, 68.5679216, 2.1, 42.0312123, 2.1, 116.0668587, 2.1, 100.2903302, 2.1, 69.57694483, 2.1, 145.5813219, 2.1, 111.295991, 1.86, 107.236, 2.1, 65.26107757, 2.1, 103.375586, 1.904, 185.627, 2.1, 43.46129495, 2.1, 109.4217903, 1.05, 217.7995593, 2.1, 121.0494534, 2.1, 122.0664503, 2.1, 113.932226, 2.1, 61.14222832, 2.1, 97.54668296
2.434, 119.385, 2.15, 102.9904319, , , 2.15, 68.05282063, 2.15, 67.52596693, 2.15, 166.4295295, 2.15, 72.09027712, 2.15, 44.69106456, 2.15, 118.3451684, 2.15, 104.115605, 2.15, 72.23531797, 2.15, 151.0266799, 2.15, 116.2792901, 1.953, 109.951, 2.15, 67.49933763, 2.15, 105.6963998, 1.914, 186.238, 2.15, 45.55414513, 2.15, 112.6912558, 1.075, 221.9899857, 2.15, 123.5349761, 2.15, 123.7788583, 2.15, 115.7217631, 2.15, 62.99789733, 2.15, 102.3708875
2.488, 121.761, 2.2, 107.2915502, , , 2.2, 70.97390967, 2.2, 69.77927869, 2.2, 169.0119909, 2.2, 75.77984093, 2.2, 47.4541584, 2.2, 120.5987499, 2.2, 107.9508373, 2.2, 74.94307709, 2.2, 156.4833336, 2.2, 121.2907896, 1.953, 111.173, 2.2, 69.75083625, 2.2, 107.9854551, 1.978, 187.596, 2.2, 47.68896141, 2.2, 115.9569745, 1.1, 226.1260332, 2.2, 125.9534285, 2.2, 125.4431727, 2.2, 117.4205082, 2.2, 64.82790934, 2.2, 107.2536084
2.576, 124.476, 2.25, 111.6654583, , , 2.25, 73.96310391, 2.25, 71.97856677, 2.25, 171.6016406, 2.25, 79.64072271, 2.25, 50.32012676, 2.25, 122.8244871, 2.25, 111.7910461, 2.25, 77.69942842, 2.25, 161.9458664, 2.25, 126.3203998, 1.958, 113.141, 2.25, 72.01152949, 2.25, 110.2451054, , , 2.25, 49.8631957, 2.25, 119.2105749, 1.125, 230.210218, 2.25, 128.302389, 2.25, 127.0674982, 2.25, 119.0311851, 2.25, 66.63058594, 2.25, 112.1735224
2.709, 127.055, 2.3, 116.1088195, , , 2.3, 77.02349588, 2.3, 74.12136585, 2.3, 174.1768335, 2.3, 83.67599626, 2.3, 53.288286, 2.3, 125.0189999, 2.3, 115.6312707, 2.3, 80.50342307, 2.3, 167.4088695, 2.3, 131.3577721, 2.041, 114.974, 2.3, 74.27698212, 2.3, 112.477634, , , 2.3, 52.07412368, 2.3, 122.4424992, 1.15, 234.2445149, 2.3, 130.5796808, 2.3, 128.6600731, 2.3, 120.5567907, 2.3, 68.40436123, 2.3, 117.1067977
2.748, 129.77, 2.35, 120.615766, , , 2.35, 80.15701607, 2.35, 76.20593608, 2.35, 176.7149526, 2.35, 87.8875638, 2.35, 56.35762223, 2.35, 127.1786442, 2.35, 119.466583, 2.35, 83.35394966, 2.35, 172.8669421, 2.35, 136.3923152, 2.012, 115.245, 2.35, 76.54238838, 2.35, 114.6852069, , , 2.35, 54.31884547, 2.35, 125.6419327, 1.175, 238.2303326, 2.35, 132.78339, 2.35, 130.2292012, 2.35, 122.0005707, 2.35, 70.14778117, 2.35, 122.0269891
2.807, 132.213, 2.4, 125.1774001, , , 2.4, 83.36408694, 2.4, 78.23126646, 2.4, 179.1929721, 2.4, 92.27601562, 2.4, 59.5267776, 2.4, 129.2995123, 2.4, 123.2921011, 2.4, 86.24972698, 2.4, 178.3146912, 2.4, 141.413212, 2.13, 117.417, 2.4, 78.80259748, 2.4, 116.8698263, , , 2.4, 56.59428634, 2.4, 128.7967327, 1.2, 242.1684979, 2.4, 134.9118835, 2.4, 131.7831833, 2.4, 123.3659948, 2.4, 71.85950285, 2.4, 126.9049329
2.787, 134.724, 2.45, 129.7812646, , , 2.45, 86.64325219, 2.45, 80.1970726, 2.45, 181.5880744, 2.45, 96.84048523, 2.45, 62.79403663, 2.45, 131.3774324, 2.45, 127.1030013, 2.45, 89.18929662, 2.45, 183.746732, 2.45, 146.4094355, 2.1, 117.892, 2.45, 81.05214371, 2.45, 119.0332829, , , 2.45, 58.89719739, 2.45, 131.8933577, 1.225, 246.0592479, 2.45, 136.9638271, 2.45, 133.3302472, 2.45, 124.6567332, 2.45, 73.53829379, 2.45, 131.7086424
2.871, 138.186, 2.5, 134.4107813, , , 2.5, 89.99078125, 2.5, 82.10378906, 2.5, 183.8783203, 2.5, 101.5785, 2.5, 66.1573125, 2.5, 133.4079688, 2.5, 130.8945313, 2.5, 92.17101562, 2.5, 189.1576875, 2.5, 151.3697656, 2.1, 119.317, 2.5, 83.28528125, 2.5, 121.1771094, , , 2.5, 61.22415625, 2.5, 134.9167969, 1.25, 249.9022302, 2.5, 138.9382031, 2.5, 134.8784766, 2.5, 125.8766328, 2.5, 75.18303125, 2.5, 136.4032031
2.949, 142.054, 2.55, 139.0446577, , , 2.55, 93.40024894, 2.55, 83.95255612, 2.55, 186.0433725, 2.55, 106.4858271, 2.55, 69.6141334, 2.55, 135.3864219, 2.55, 134.6620231, 2.55, 95.19304916, 2.55, 194.5421887, 2.55, 156.2828055, 2.194, 120.471, 2.55, 85.49602361, 2.55, 123.3025334, , , 2.55, 63.57156777, 2.55, 137.8504986, 1.275, 253.6965114, 2.55, 140.834329, 2.55, 136.4357388, 2.55, 127.0296945, 2.55, 76.79270148, 2.55, 140.9506681
3.082, 145.516, 2.6, 143.6562638, , , 2.6, 96.86209046, 2.6, 85.74520099, 2.6, 188.0652718, 2.6, 111.5563151, 2.6, 73.1616288, 2.6, 137.3078283, 2.6, 138.4009058, 2.6, 98.2533631, 2.6, 199.8948744, 2.6, 161.136998, 2.184, 120.539, 2.6, 87.67818775, 2.6, 125.4104305, , , 2.6, 65.9356647, 2.6, 140.6763001, 1.3, 257.440594, 2.6, 142.6518746, 2.6, 138.0096119, 2.6, 128.1200501, 2.6, 78.36639907, 2.6, 145.3099527
3.131, 148.502, 2.65, 148.2129753, , , 2.65, 100.3631315, 2.65, 87.48421359, 2.65, 189.9292676, 2.65, 116.7817307, 2.65, 76.7965158, , , 2.65, 142.1067182, 2.65, 101.3497168, 2.65, 205.2103916, 2.65, 165.9206417, 2.272, 122.032, 2.65, 89.82544287, 2.65, 127.5012771, , , 2.65, 68.31250839, 2.65, 143.3743564, 1.325, 261.1324412, 2.65, 144.3908807, 2.65, 139.6073097, 2.65, 129.1519405, 2.65, 79.90332621, 2.65, 149.4367306
3.18, 151.353, 2.7, 152.6754873, , , 2.7, 103.8860935, 2.7, 89.17271674, 2.7, 191.6247008, 2.7, 122.1515914, 2.7, 80.5150854, , , 2.7, 145.7751219, 2.7, 104.4796555, 2.7, 210.4833951, 2.7, 170.6219079, 2.257, 121.557, 2.7, 91.93136382, 2.7, 129.5751036, , , 2.7, 70.69798946, 2.7, 145.9230693, 1.35, 264.76951, 2.7, 146.0517768, 2.7, 141.2356066, 2.7, 130.1296937, 2.7, 81.40279199, 2.7, 153.2833281
3.175, 153.253, 2.75, 156.997095, , , 2.75, 107.4090746, 2.75, 90.81443083, 2.75, 193.1459404, 2.75, 127.6529928, 2.75, 84.31318887, , , 2.75, 149.4019141, 2.75, 107.6405032, 2.75, 215.7085477, 2.75, 175.2288568, 2.297, 122.372, 2.75, 93.98948926, 2.75, 131.6314474, , , 2.75, 73.08782852, 2.75, 148.2990169, 1.375, 268.3487929, 2.75, 147.6353989, 2.75, 142.9007607, 2.75, 131.0577036, 2.75, 82.86421172, 2.75, 156.7986202
3.244, 156.239, 2.8, 161.1229445, , , 2.8, 110.905005, 2.8, 92.413633, 2.8, 194.4933731, 2.8, 133.2704325, 2.8, 88.186224, , , 2.8, 152.98304, 2.8, 110.8293554, 2.8, 220.88052, 2.8, 179.7294539, 2.375, 123.933, 2.8, 95.99338435, 2.8, 133.6693057, , , 2.8, 75.47757683, 2.8, 150.4768823, 1.4, 271.8668669, 2.8, 149.143008, 2.8, 144.6084364, 2.8, 131.9404091, 2.8, 84.28710618, 2.8, 159.9279252
3.347, 159.09, 2.85, 164.9892504, , , 2.85, 114.3410784, 2.85, 93.97511074, 2.85, 195.6744468, 2.85, 138.9856282, 2.85, 92.12912146, , , 2.85, 156.5146063, 2.85, 114.0430713, 2.85, 225.9939908, 2.85, 184.1115865, 2.36, 120.607, 2.85, 97.93670823, 2.85, 135.687089, , , 2.85, 77.86261703, 2.807, 156.782, 1.425, 275.3199517, 2.85, 150.5763074, 2.85, 146.363625, 2.85, 132.7822734, 2.85, 85.67110095, 2.85, 162.6129004
3.45, 162.212, 2.9, 168.5224839, , , 2.9, 117.6781579, 2.9, 95.50411007, 2.9, 196.7047664, 2.9, 144.7773323, 2.9, 96.1363311, , , 2.9, 159.9928936, 2.9, 117.2782669, 2.9, 231.0436467, 2.9, 188.3630798, 2.434, 122.982, 2.9, 99.8132861, 2.9, 137.6825736, , , 2.9, 80.23816379, 2.89, 158.683, 1.45, 278.7039753, 2.9, 151.9374613, 2.9, 148.1705649, 2.9, 133.5877641, 2.9, 87.0159257, 2.9, 164.7914369
3.504, 164.384, 2.95, 171.6385275, , , 2.95, 120.8701577, 2.95, 97.00627808, 2.95, 197.6092436, 2.95, 150.6211411, 2.95, 100.2018082, , , 2.95, 163.4143691, 2.95, 120.5313074, 2.95, 236.0241823, 2.95, 192.471714, 2.419, 123.661, 2.95, 101.6171859, 2.95, 139.6528548, , , 2.95, 82.5992645, 2.9, 159.158, 1.475, 282.0146485, 2.92, 152.235, 2.95, 150.0326605, 2.95, 134.3613337, 2.95, 88.32141348, 2.91, 166.148
3.553, 167.031, 3, 174.2418, , , 3, 123.8634, 3, 98.4876, 3, 198.4233, 3, 156.4893, 3, 104.319, , , 3, 166.7757, 3, 123.7983, 3, 240.9303, 3, 196.42524, 2.493, 125.562, 3, 103.3428, 3, 141.5943, , , 3, 84.9408, 2.939, 159.633, 1.5, 285.2475469, 2.959, 153.728, 3, 151.9524, 3, 135.1074, 3, 89.5875, 2.939, 167.777
3.563, 168.32, 3.02309264, 174.0865545, , , 3.05, 126.5959465, 3.05, 99.9543308, 3.05, 199.1941229, 3.05, 162.3505041, 3.05, 108.4808316, , , 3.05, 170.0737656, 3.05, 127.0750863, 3.05, 245.7567104, 3.05, 200.2113963, 2.547, 126.715, 3.05, 104.9849308, 3.05, 143.5025017, , , 3.05, 87.25748524, 2.92, 160.244, 1.525, 288.3982017, 3.008, 154.271, 3.05, 153.9312716, 3.05, 135.8303279, 3.05, 90.81422296, 2.974, 168.592
3.641, 170.628, 3.07133348, 177.2079175, , , 3.1, 128.9969057, 3.1, 101.4129211, 3.1, 199.981975, 3.1, 168.1696939, 3.1, 112.6796928, , , 3.1, 173.3056708, 3.1, 130.3572354, 3.1, 250.4981319, 3.1, 203.8179254, 2.522, 127.258, 3.1, 106.5388817, 3.1, 145.3722305, , , 3.1, 89.54386995, 2.974, 161.33, 1.55, 291.4621983, , , 3.1, 155.9696795, 3.1, 136.5344105, 3.1, 92.00172132, 2.944, 168.32
3.734, 173.818, 3.11957432, 180.3292805, , , 3.15, 130.9857157, 3.15, 102.869938, 3.15, 200.8615569, 3.15, 173.9078466, 3.15, 116.9074239, , , 3.15, 176.4687584, 3.15, 133.6400359, 3.15, 255.1492909, 3.15, 207.2325897, 2.601, 128.616, 3.15, 108.0005529, 3.15, 147.197388, , , 3.15, 91.7943394, 3.052, 162.416, 1.575, 294.4352833, , , 3.15, 158.0668579, 3.15, 137.2238515, 3.15, 93.15023459, 3.003, 165.47
3.833, 176.329, , , , , 3.2, 132.4714011, 3.2, 104.3319794, 3.2, 201.9234234, 3.2, 179.5217633, 3.2, 121.1553024, , , 3.2, 179.5606221, 3.2, 136.9184891, 3.2, 259.7049216, 3.16, 207.21, 2.581, 129.43, 3.2, 109.3665407, 3.2, 148.9709599, , , 3.2, 94.00311501, 3.096, 162.823, 1.6, 297.3134797, , , 3.2, 160.2207844, 3.2, 137.9027478, 3.2, 94.26010214, 3.096, 166.216
3.872, 178.297, , , , , 3.209, 132.457, 3.25, 105.8055842, 3.25, 203.2754525, 3.25, 184.9638508, 3.25, 125.4140291, , , 3.25, 182.5791195, 3.25, 140.1873015, 3.25, 264.1597664, 3.16, 209.79, 2.689, 131.874, 3.25, 110.6342428, 3.25, 150.684969, , , 3.25, 96.16425508, 3.141, 163.637, 1.625, 300.0932102, , , 3.25, 162.4280922, 3.25, 138.575072, 3.25, 95.3317625, 3.185, 166.556
3.896, 180.062, , , , , 3.253, 133.271, 3.3, 107.2971357, 3.28, 204.903, 3.3, 190.1818995, 3.3, 129.6737145, , , 3.3, 185.5223849, 3.3, 143.4408772, 3.3, 268.5085755, 3.219, 213.658, 2.709, 132.688, 3.3, 111.8019674, 3.3, 152.3304285, , , 3.3, 98.27165548, , , 1.65, 302.7714287, , , 3.3, 164.6839807, 3.3, 139.2446564, 3.3, 96.36575263, 3.2, 167.913
3.941, 181.148, , , , , 3.298, 133.543, 3.35, 108.8127605, 3.31, 204.563, 3.35, 195.1188565, 3.35, 133.9238651, , , 3.35, 188.3888416, 3.35, 146.673311, 3.35, 272.7461071, 3.307, 216.034, 2.694, 132.959, 3.35, 112.8690474, 3.35, 153.8972944, , , 3.35, 100.3190503, , , 1.675, 305.3457602, , , 3.35, 166.9821259, 3.35, 139.9151761, 3.35, 97.36270723, 3.214, 165.062
4.014, 183.591, , , , , 3.278, 105.987, 3.4, 110.3582208, 3.376, 207.143, 3.371, 196.817, 3.4, 138.1533696, , , 3.4, 191.1772155, 3.4, 149.8783806, 3.4, 276.8671272, 3.43, 218.206, 2.777, 134.792, 3.4, 113.835959, 3.4, 155.3744191, , , 3.4, 102.3000127, , , 1.7, 307.8146486, , , 3.4, 169.3145889, 3.4, 140.590134, 3.4, 98.32335805, 3.224, 165.673
4.137, 186.306, , , , , 3.303, 112.299, 3.45, 111.9388021, 3.342, 205.446, 3.474, 202.043, 3.45, 142.3504855, , , 3.45, 193.8865475, 3.45, 153.0495394, 3.45, 280.86641, 3.474, 218.749, 2.758, 134.656, 3.45, 114.7044452, 3.45, 156.7495041, , , 3.45, 104.2079554, , , 1.725, 310.177513, , , 3.45, 171.6717236, 3.45, 141.2728448, 3.45, 99.24853316, 3.278, 168.117
4.201, 187.799, , , , , 3.337, 112.978, 3.5, 113.5591953, 3.455, 206.192, 3.484, 205.097, 3.5, 146.502825, , , 3.5, 196.5162063, 3.5, 156.1799094, 3.5, 284.7387375, 3.518, 219.088, 2.871, 136.964, 3.455, 115.72, 3.5, 158.0090531, , , 3.5, 106.0361313, , , 1.75, 312.4349119, , , 3.5, 174.0420828, 3.5, 141.9664203, 3.5, 100.1391563, 3.366, 167.574
4.25, 189.225, , , , , 3.494, 114.335, 3.55, 115.2233724, 3.523, 201.034, 3.523, 208.626, 3.55, 150.5973417, , , 3.55, 199.0659012, 3.55, 159.2622734, 3.55, 288.4788997, 3.528, 218.409, 2.861, 137.303, 3.484, 116.127, 3.55, 159.1383251, , , 3.55, 107.7776344, , , 1.775, 314.5887159, , , 3.55, 176.4123244, 3.55, 142.6737551, 3.55, 100.9962459, 3.44, 168.931
4.274, 189.428, , , , , 3.494, 114.471, 3.6, 116.9344579, 3.504, 200.763, 3.54, 212.088, 3.6, 154.6203168, , , 3.6, 201.5356954, 3.558, 159.429, 3.6, 292.0816944, 3.592, 219.699, 2.846, 137.643, 3.494, 116.331, 3.6, 160.1212873, , , 3.6, 109.4254007, , , 1.8, 316.6422883, , , 3.6, 178.7671151, 3.6, 143.3975124, 3.6, 101.8209151, 3.479, 169.61
4.304, 190.446, , , , , 3.548, 115.354, 3.65, 118.6945935, 3.602, 203.274, 3.558, 214.599, 3.65, 158.5573451, , , 3.65, 203.926018, 3.607, 161.33, 3.65, 295.5419276, 3.705, 220.377, 2.944, 139.136, 3.499, 116.67, 3.65, 160.9405681, , , 3.65, 110.9722082, , , 1.825, 318.6006744, , , 3.65, 181.0890334, 3.65, 144.1401103, 3.65, 102.61437, 3.465, 169.949
4.387, 192.007, , , , , 3.494, 116.575, 3.7, 120.5047986, 3.602, 203.206, 3.651, 216.703, 3.7, 162.3933219, , , 3.7, 206.2376777, 3.612, 161.262, 3.7, 298.8544131, 3.813, 221.056, 2.925, 139.747, 3.528, 117.281, 3.651, 159.769, , , 3.7, 112.4106781, , , 1.85, 320.4707982, , , 3.7, 183.3584723, 3.7, 144.9037086, 3.7, 103.3779098, 3.509, 171.035
4.52, 195.333, , , , , 3.563, 118, 3.75, 122.3648236, 3.729, 206.057, , , 3.75, 166.1124287, , , 3.75, 208.471875, 3.646, 161.805, 3.75, 302.0139727, 3.842, 221.531, 2.989, 141.104, 3.587, 118.367, 3.69, 161.194, , , 3.75, 113.7332754, , , 1.875, 322.2616681, , , 3.75, 185.5535394, 3.75, 145.6901964, 3.75, 104.1129258, 3.523, 170.696
4.578, 197.233, , , , , 3.572, 119.833, 3.8, 124.2729995, 3.749, 206.871, , , 3.8, 169.69812, , , 3.8, 210.6302152, , , 3.8, 305.015436, 3.887, 223.432, , , 3.636, 119.453, 3.783, 162.755, , , 3.8, 114.9323096, , , 1.9, 323.9845904, , , 3.8, 187.6499574, 3.8, 146.5011792, 3.8, 104.8209006, 3.671, 173.614
4.623, 199.337, , , , , 3.715, 122.48, 3.85, 126.2260806, 3.759, 207.889, , , 3.85, 173.1331093, , , 3.85, 212.7147214, , , 3.85, 307.8536408, 3.891, 223.839, , , 3.651, 116.263, 3.749, 162.28, , , 3.85, 115.9999354, , , 1.925, 325.6533907, , , 3.85, 189.6209623, 3.85, 147.3379673, 3.85, 105.5034075, 3.7, 174.7
4.628, 200.763, , , , , 3.744, 123.566, 3.9, 128.219082, 3.872, 209.79, , , 3.9, 176.3993556, , , 3.9, 214.727847, , , 3.9, 310.5234327, 3.96, 224.042, , , 3.666, 115.313, 3.837, 163.434, , , 3.9, 116.9281532, , , 1.95, 327.2846446, , , 3.9, 191.437201, 3.9, 148.2015643, 3.9, 106.1621099, 3.754, 175.854
4.711, 202.867, , , , , 3.788, 124.923, 3.95, 130.2451124, 3.847, 209.925, , , 3.95, 179.4780496, , , 3.95, 216.6724889, , , 3.95, 313.0196653, 4.078, 225.196, , , 3.685, 116.331, 3.813, 163.298, , , 3.916, 117.213, , , 1.975, 328.8979153, , , 3.95, 193.0666279, 3.95, 149.0926561, 3.95, 106.7987603, 3.725, 175.65
4.77, 205.582, , , , , 3.739, 126.077, 4, 132.2952, 4.019, 213.047, , , 4, 182.3496, , , 4, 218.552, , , 4, 315.3372, 4.171, 227.3, , , 3.7, 115.992, 3.911, 164.18, , , 3.931, 117.824, , , 2, 330.516, , , 4, 194.4744, 4, 150.0116, 4, 107.4152, 3.754, 177.279
4.897, 209.111, , , , , 3.769, 128.249, 4.05, 134.358114, 4.024, 213.794, , , 4.05, 184.99362, , , 4.05, 220.3702023, , , 4.05, 317.4709064, 4.225, 227.979, , , 3.783, 117.824, 3.96, 161.873, , , 3.98, 118.571, , , 2.025, 332.1651847, , , 4.009, 194.451, 4.05, 150.9584149, 4.05, 108.0133579, 3.803, 179.655
4.937, 211.418, , , , , 3.833, 129.674, 4.1, 136.4201802, 4.019, 214.473, , , 4.083, 184.428, , , 4.1, 222.1313994, , , 4.1, 319.4156619, 4.24, 228.861, , , 3.798, 118.028, 3.931, 158.208, , , 3.936, 118.164, , , 2.05, 333.875507, , , 4.05, 195.876, 4.1, 151.9327712, 4.1, 108.5952503, 3.945, 182.913
4.996, 213.794, , , , , 3.96, 131.778, 4.15, 138.4650907, 4.132, 216.373, , , 4.073, 184.496, , , 4.15, 223.8403897, , , 4.15, 321.1663519, 4.274, 230.49, , , 3.847, 118.707, 4.024, 159.09, , , 3.96, 118.842, , , 2.075, 335.6810265, , , 4.112, 197.369, 4.15, 152.9339816, 4.15, 109.1629799, 3.975, 184.609
5, 215.83, , , , , 3.99, 131.846, 4.2, 140.4737088, 4.117, 216.373, , , 4.014, 185.378, , , 4.2, 225.5024789, , , 4.2, 322.7178696, 4.328, 228.997, , , 3.828, 118.707, 3.994, 158.818, , , 3.999, 118.91, , , 2.1, 337.620105, , , 4.137, 199.337, 4.2, 153.9609921, 4.2, 109.7187349, 4.009, 185.967
5.064, 218.545, , , , , 4.024, 132.864, 4.215, 140.369, 4.289, 219.088, , , 4.132, 187.55, , , 4.25, 227.123493, , , 4.225, 323.134, 4.47, 231.373, , , 3.852, 118.774, 4.122, 160.719, , , 4.102, 120.471, , , 2.105, 338.405, , , 4.191, 200.559, 4.25, 155.0123738, 4.25, 110.2647891, 3.975, 186.646
5.167, 222.074, , , , , 3.98, 133.407, 4.259, 143.355, 4.269, 218.816, , , 4.117, 187.686, , , 4.3, 228.7097911, , , 4.196, 323.202, 4.529, 231.983, , , 3.896, 119.25, 4.137, 157.868, , , 4.122, 120.2, , , 2.115, 338.812, , , 4.24, 202.799, 4.3, 156.0863143, 4.3, 110.8035, 4.024, 188.003
5.28, 225.264, , , , , 4.039, 135.647, 4.323, 146.545, 4.284, 219.767, , , , , , , 4.35, 230.2682781, , , 4.205, 324.288, 4.593, 232.323, , , 3.985, 120.675, 4.127, 157.868, , , 4.127, 117.01, , , 2.125, 338.745, , , 4.299, 204.224, 4.35, 157.1806108, 4.35, 111.3373093, 4.068, 190.107
5.319, 227.368, , , , , 4.093, 136.597, 4.461, 148.785, 4.392, 221.599, , , , , , , 4.4, 231.8064179, , , 4.289, 325.646, 4.588, 230.558, , , 3.98, 120.539, 4.205, 159.293, , , 4.122, 116.467, , , 2.154, 339.966, , , 4.333, 206.125, 4.4, 158.2926621, 4.4, 111.8687412, 4.21, 192.754
5.369, 230.083, , , , , 4.166, 134.086, 4.475, 149.871, 4.402, 222.142, , , , , , , 4.45, 233.3322457, , , 4.259, 326.664, 4.657, 229.879, , , 4.024, 120.946, 4.196, 159.497, , , 4.152, 116.738, , , 2.144, 341.595, , , 4.35, 206.667, 4.45, 159.4194626, 4.45, 112.4004025, 4.235, 193.433
5.378, 231.78, , , , , 4.225, 137.819, 4.495, 151.432, 4.539, 224.246, , , , , , , 4.5, 234.8543813, , , 4.279, 326.799, 4.721, 229.269, , , 4.014, 120.471, 4.289, 162.144, , , 4.205, 117.281, , , 2.184, 342.613, , , 4.382, 207.618, 4.5, 160.5575953, 4.5, 112.9349813, 4.274, 194.519
5.467, 234.291, , , , , , , 4.456, 153.128, 4.495, 224.042, , , , , , , 4.55, 236.3820414, , , 4.348, 327.207, 4.853, 229.812, , , 4.024, 120.2, 4.289, 161.873, , , 4.269, 118.231, , , 2.218, 344.989, , , , , 4.55, 161.7032264, 4.55, 113.4752464, 4.284, 196.283
5.545, 237.549, , , , , , , 4.544, 152.585, 4.559, 224.585, , , , , , , 4.6, 237.925053, , , , , 4.897, 229.201, , , 4.058, 120.132, 4.284, 162.823, , , 4.274, 118.299, , , 2.326, 347.229, , , , , 4.6, 162.8520995, 4.6, 114.0240471, , 
5.648, 240.467, , , , , , , 4.618, 154.689, 4.657, 225.671, , , , , , , 4.65, 239.4938659, , , , , 4.932, 229.201, , , 4.171, 121.693, 4.382, 163.773, , , 4.309, 118.639, , , 2.351, 348.518, , , , , 4.65, 163.9995307, 4.65, 114.5843117, , 
5.702, 242.979, , , , , , , 4.721, 153.536, 4.652, 225.604, , , , , , , 4.7, 241.0995655, , , , , 4.951, 228.793, , , 4.186, 121.421, 4.367, 164.248, , , 4.294, 118.367, , , 2.37, 349.808, , , , , 4.7, 165.1404039, 4.7, 115.1590476, , 
5.732, 244.879, , , , , , , 4.721, 150.821, 4.794, 228.183, , , , , , , 4.75, 242.7538859, , , , , 5.025, 229.065, , , 4.205, 122.032, 4.39, 166.013, , , 4.333, 119.182, , , 2.375, 350.351, , , , , 4.75, 166.2691665, 4.75, 115.7513398, , 
5.751, 246.779, , , , , , , 4.755, 151.703, 4.765, 228.115, , , , , , , 4.8, 244.4692224, , , , , 5.089, 229.54, , , 4.176, 121.218, , , , , 4.417, 120.2, , , 2.4, 350.894, , , , , 4.8, 167.379826, 4.8, 116.364351, , 
5.835, 248.34, , , , , , , 4.745, 151.5, 4.853, 229.879, , , , , , , 4.85, 246.2586444, , , , , 5.216, 230.422, , , 4.19, 122.304, , , , , 4.436, 120.471, , , 2.473, 350.69, , , , , 4.85, 168.4659463, 4.85, 117.0013201, , 
5.957, 251.055, , , , , , , 4.804, 154.35, 4.942, 231.44, , , , , , , 4.9, 248.1359084, , , , , 5.251, 230.151, , , , , , , , , 4.47, 120.675, , , 2.547, 350.826, , , , , 4.9, 169.5206448, 4.9, 117.6655621, , 
6.016, 253.091, , , , , , , 4.907, 156.115, 4.912, 231.373, , , , , , , 4.917, 251.598, , , , , 5.305, 230.558, , , , , , , , , 4.48, 120.946, , , 2.591, 349.197, , , , , 4.95, 170.5365901, 4.95, 118.3604672, , 
6.08, 255.67, , , , , , , 4.961, 156.318, 5.045, 233.069, , , , , , , 4.966, 253.431, , , , , 5.334, 230.015, , , , , , , , , 4.485, 121.286, , , 2.616, 348, , , , , 5, 171.506, 5, 119.0895, , 
6.09, 256.892, , , , , , , 4.991, 155.843, 5.01, 232.458, , , , , , , 5.03, 254.924, , , , , 5.398, 230.897, , , , , , , , , 4.51, 119.182, , , 2.606, 347.5, , , , , 5.05, 172.4206396, 5.025, 120.064, , 
6.134, 258.521, , , , , , , 5.059, 157.133, 5.148, 233.341, , , , , , , 5.059, 257.164, , , , , 5.476, 232.051, , , , , , , , , 4.603, 119.589, , , 2.645, 347, , , , , 5.074, 171.646, 5.054, 119.928, , 
6.203, 260.693, , , , , , , , , 5.211, 234.155, , , , , , , 5.118, 260.014, , , , , 5.584, 233.069, , , , , , , , , 4.603, 119.317, , , 2.709, 347.093, , , , , 5.231, 173.818, 5.108, 119.928, , 
6.355, 264.629, , , , , , , , , 5.177, 234.97, , , , , , , 5.202, 261.915, , , , , 5.638, 233.612, , , , , , , , , 4.662, 120.064, , , 2.787, 349.333, , , , , 5.236, 174.225, 5.148, 120.335, , 
6.404, 266.801, , , , , , , , , 5.31, 237.006, , , , , , , 5.261, 263.204, , , , , 5.683, 233.68, , , , , , , , , 4.647, 119.25, , , 2.827, 348.993, , , , , 5.275, 174.768, 5.202, 121.489, , 
6.453, 268.702, , , , , , , , , 5.27, 237.142, , , , , , , , , , , , , 5.678, 232.866, , , , , , , , , 4.657, 119.589, , , 2.836, 348.722, , , , , 5.251, 174.361, 5.339, 123.254, , 
6.468, 269.855, , , , , , , , , 5.418, 239.585, , , , , , , , , , , , , 5.751, 232.594, , , , , , , , , 4.686, 119.725, , , 2.846, 350.418, , , , , 5.265, 175.04, 5.364, 123.39, , 
6.532, 271.62, , , , , , , , , 5.447, 240.264, , , , , , , , , , , , , 5.874, 233.137, , , , , , , , , 4.775, 121.354, , , 2.881, 352.387, , , , , 5.319, 175.99, 5.413, 123.797, , 
6.595, 273.792, , , , , , , , , 5.462, 241.078, , , , , , , , , , , , , 5.957, 234.155, , , , , , , , , 4.814, 121.625, , , 2.969, 353.744, , , , , 5.452, 178.094, 5.388, 123.729, , 
6.728, 276.1, , , , , , , , , 5.56, 243.114, , , , , , , , , , , , , , , , , , , , , , , 4.848, 122.032, , , 2.993, 354.287, , , , , 5.481, 178.162, 5.452, 124.543, , 
, , , , , , , , , , 5.53, 242.911, , , , , , , , , , , , , , , , , , , , , , , 4.883, 122.372, , , , , , , , , 5.496, 178.569, 5.521, 125.969, , 
, , , , , , , , , , 5.683, 245.897, , , , , , , , , , , , , , , , , , , , , , , , , , , , , , , , , 5.472, 178.094, 5.648, 127.462, , 
, , , , , , , , , , 5.707, 246.508, , , , , , , , , , , , , , , , , , , , , , , , , , , , , , , , , 5.516, 178.026, 5.663, 127.19, , 
, , , , , , , , , , 5.697, 247.865, , , , , , , , , , , , , , , , , , , , , , , , , , , , , , , , , 5.555, 178.026, 5.707, 127.258, , 
, , , , , , , , , , 5.82, 250.173, , , , , , , , , , , , , , , , , , , , , , , , , , , , , , , , , 5.678, 178.908, 5.687, 126.104, , 
, , , , , , , , , , 5.815, 250.309, , , , , , , , , , , , , , , , , , , , , , , , , , , , , , , , , 5.702, 178.772, 5.751, 126.58, , 
, , , , , , , , , , 5.952, 253.363, , , , , , , , , , , , , , , , , , , , , , , , , , , , , , , , , 5.737, 178.976, 5.751, 128.276, , 
, , , , , , , , , , 5.943, 253.431, , , , , , , , , , , , , , , , , , , , , , , , , , , , , , , , , 5.717, 178.297, , , , 
, , , , , , , , , , 5.957, 254.449, , , , , , , , , , , , , , , , , , , , , , , , , , , , , , , , , 5.766, 179.044, , , , 
, , , , , , , , , , 6.07, 256.485, , , , , , , , , , , , , , , , , , , , , , , , , , , , , , , , , 5.83, 180.469, , , , 
, , , , , , , , , , 6.075, 257.096, , , , , , , , , , , , , , , , , , , , , , , , , , , , , , , , , 5.87, 181.216, , , , 
, , , , , , , , , , 6.217, 259.268, , , , , , , , , , , , , , , , , , , , , , , , , , , , , , , , , , , , , , 
, , , , , , , , , , 6.173, 259.064, , , , , , , , , , , , , , , , , , , , , , , , , , , , , , , , , , , , , , 
, , , , , , , , , , 6.237, 260.489, , , , , , , , , , , , , , , , , , , , , , , , , , , , , , , , , , , , , , 
, , , , , , , , , , 6.35, 262.254, , , , , , , , , , , , , , , , , , , , , , , , , , , , , , , , , , , , , , 
, , , , , , , , , , 6.325, 262.39, , , , , , , , , , , , , , , , , , , , , , , , , , , , , , , , , , , , , , 
, , , , , , , , , , 6.482, 264.426, , , , , , , , , , , , , , , , , , , , , , , , , , , , , , , , , , , , , , 
, , , , , , , , , , 6.428, 264.086, , , , , , , , , , , , , , , , , , , , , , , , , , , , , , , , , , , , , , 
, , , , , , , , , , 6.536, 265.444, , , , , , , , , , , , , , , , , , , , , , , , , , , , , , , , , , , , , , 
, , , , , , , , , , 6.625, 266.801, , , , , , , , , , , , , , , , , , , , , , , , , , , , , , , , , , , , , , 
, , , , , , , , , , 6.59, 267.141, , , , , , , , , , , , , , , , , , , , , , , , , , , , , , , , , , , , , , 
, , , , , , , , , , 6.723, 268.294, , , , , , , , , , , , , , , , , , , , , , , , , , , , , , , , , , , , , , 
, , , , , , , , , , 6.703, 268.362, , , , , , , , , , , , , , , , , , , , , , , , , , , , , , , , , , , , , , 
, , , , , , , , , , 6.831, 269.923, , , , , , , , , , , , , , , , , , , , , , , , , , , , , , , , , , , , , , 
, , , , , , , , , , 6.87, 270.738, , , , , , , , , , , , , , , , , , , , , , , , , , , , , , , , , , , , , , 
, , , , , , , , , , 6.87, 270.874, , , , , , , , , , , , , , , , , , , , , , , , , , , , , , , , , , , , , , 
, , , , , , , , , , 6.978, 272.299, , , , , , , , , , , , , , , , , , , , , , , , , , , , , , , , , , , , , , 
, , , , , , , , , , 6.958, 271.756, , , , , , , , , , , , , , , , , , , , , , , , , , , , , , , , , , , , , , 
, , , , , , , , , , 7.12, 273.249, , , , , , , , , , , , , , , , , , , , , , , , , , , , , , , , , , , , , , 
, , , , , , , , , , 7.15, 273.317, , , , , , , , , , , , , , , , , , , , , , , , , , , , , , , , , , , , , , 
, , , , , , , , , , 7.135, 273.317, , , , , , , , , , , , , , , , , , , , , , , , , , , , , , , , , , , , , , 
, , , , , , , , , , 7.243, 274.742, , , , , , , , , , , , , , , , , , , , , , , , , , , , , , , , , , , , , , 
, , , , , , , , , , 7.219, 274.199, , , , , , , , , , , , , , , , , , , , , , , , , , , , , , , , , , , , , , 
, , , , , , , , , , 7.39, 276.1, , , , , , , , , , , , , , , , , , , , , , , , , , , , , , , , , , , , , , 
, , , , , , , , , , 7.38, 275.557, , , , , , , , , , , , , , , , , , , , , , , , , , , , , , , , , , , , , , 
, , , , , , , , , , 7.39, 275.217, , , , , , , , , , , , , , , , , , , , , , , , , , , , , , , , , , , , , , 
, , , , , , , , , , 7.508, 276.303, , , , , , , , , , , , , , , , , , , , , , , , , , , , , , , , , , , , , , 
, , , , , , , , , , 7.493, 274.742, , , , , , , , , , , , , , , , , , , , , , , , , , , , , , , , , , , , , , 
, , , , , , , , , , 7.645, 276.303, , , , , , , , , , , , , , , , , , , , , , , , , , , , , , , , , , , , , , 
, , , , , , , , , , 7.601, 275.489, , , , , , , , , , , , , , , , , , , , , , , , , , , , , , , , , , , , , , 
, , , , , , , , , , 7.763, 276.914, , , , , , , , , , , , , , , , , , , , , , , , , , , , , , , , , , , , , , 
